plan_id,bid_amount,year
0,712.8613329458115,2014
1,661.8640832972538,2014
2,1036.3495088953846,2014
3,679.4623451850932,2014
4,657.5354974319813,2014
5,877.7328069354921,2014
6,870.1905425041747,2014
7,781.2519896564778,2014
8,749.5505817553617,2014
9,889.6752909857541,2014
10,683.2228851047076,2014
11,782.2633824304277,2014
12,921.8641661883617,2014
13,1227.8330410519352,2014
14,697.6420555120302,2014
15,759.5745521767985,2014
16,721.980865311476,2014
17,912.1027218533105,2014
18,608.9596778662851,2014
19,832.649348626168,2014
20,568.0014808217455,2014
21,688.2610560841167,2014
22,713.8932419171543,2014
23,797.3274895959248,2014
24,728.674186944454,2014
25,1141.835179694096,2014
26,467.338463099165,2014
27,869.9111498225311,2014
28,740.2899303259926,2014
29,848.6119012649418,2014
30,762.3630222519906,2014
31,771.2845940289124,2014
32,899.6920960646266,2014
33,805.9052745968656,2014
34,934.5677009984195,2014
35,893.6439907603834,2014
36,1019.5308236891145,2014
37,759.8513622174145,2014
38,717.4866867946756,2014
39,800.710301613761,2014
40,840.9315645509793,2014
41,901.0825115658688,2014
42,799.6421488583691,2014
43,709.3105214198272,2014
44,690.1695005719406,2014
45,970.0003588478011,2014
46,817.6081837008126,2014
47,956.3523704942646,2014
48,770.0950133047755,2014
49,774.7846309344853,2014
50,897.6377639393019,2014
51,947.7947001366974,2014
52,560.9404993122363,2014
53,804.6420734989583,2014
54,772.1388657659494,2014
55,928.0866633902258,2014
56,716.5982512494985,2014
57,644.5307215035011,2014
58,749.1214767718482,2014
59,857.0326636021343,2014
60,904.2493164709156,2014
61,982.3534740286943,2014
62,1034.5262245435922,2014
63,1048.5452943751861,2014
64,905.1777417982423,2014
65,891.5276026063398,2014
66,881.5253244970896,2014
67,1027.754795177022,2014
68,1013.888194170933,2014
69,904.711836396112,2014
70,961.9451639736867,2014
71,983.8583421563003,2014
72,600.281111015714,2014
73,792.3481425207646,2014
74,725.9618159337202,2014
75,770.8478770609524,2014
76,780.3241049546424,2014
77,741.4563212322088,2014
78,879.5450723974636,2014
79,626.4456642615232,2014
80,767.4799368329241,2014
81,687.5851636618768,2014
82,759.2668136023065,2014
83,785.4679619439701,2014
84,880.4894946824232,2014
85,803.9092886057109,2014
86,776.6227069216411,2014
87,802.3192646150203,2014
88,947.2842139846371,2014
89,659.9530352888623,2014
90,891.7474626599842,2014
91,672.8805400250068,2014
92,844.8302699586758,2014
93,959.4751963477794,2014
94,548.8297347920773,2014
95,914.8435680937838,2014
96,804.2667843996926,2014
97,867.8974902483234,2014
98,778.8710990223586,2014
99,589.4538808134114,2014
100,918.0007316411867,2014
101,780.0632953806878,2014
102,677.5127537663806,2014
103,802.082415922222,2014
104,1212.5919403946864,2014
105,1060.3340637639444,2014
106,792.1203377936242,2014
107,900.0348626324077,2014
108,1081.8589542009036,2014
109,589.9656424880428,2014
110,754.2178469789045,2014
111,704.6796936630199,2014
112,646.0094077299046,2014
113,926.675629591348,2014
114,576.3156130120212,2014
115,825.8458640099961,2014
116,857.3669348132806,2014
117,1018.2500285214309,2014
118,725.452133310274,2014
119,588.853810485888,2014
120,559.1325104031074,2014
121,1026.1306156613755,2014
122,840.2196176041135,2014
123,746.6654620149759,2014
124,615.7602913518924,2014
125,676.2930890877885,2014
126,887.5387706447418,2014
127,1056.4724967259765,2014
128,663.8956551020985,2014
129,824.9666313310227,2014
130,674.4068127784935,2014
131,725.0994119660098,2014
132,969.2807957037462,2014
133,1037.7434775275008,2014
134,896.8291298474738,2014
135,900.2481529059975,2014
136,835.1962250035876,2014
137,667.5420658960483,2014
138,764.1361777771023,2014
139,804.9970092848075,2014
140,774.288075689669,2014
141,786.0891112607842,2014
142,938.8818098931565,2014
143,726.0867487255258,2014
144,754.5221155091716,2014
145,879.3102378027688,2014
146,764.3946170735793,2014
147,1071.6905990428854,2014
148,713.1032046767309,2014
149,583.5945905075199,2014
150,602.6218237672873,2014
151,867.5925982729204,2014
152,972.9023759701098,2014
153,841.3188647740291,2014
154,795.9575972730715,2014
155,808.3472793838085,2014
156,1119.001833386877,2014
157,551.1682769407198,2014
158,836.3351260281604,2014
159,872.0202103336205,2014
160,1083.7114561678889,2014
161,755.2093390673618,2014
162,842.1699729490284,2014
163,813.2438272580591,2014
164,1125.2367943229606,2014
165,638.9658782227563,2014
166,887.423445641932,2014
167,969.773115527077,2014
168,880.4303329994739,2014
169,673.6973684056233,2014
170,606.1834223215952,2014
171,1091.0820465333506,2014
172,735.8551479625365,2014
173,1075.294793508468,2014
174,984.1089209994642,2014
175,966.5675918551641,2014
176,929.6547116501974,2014
177,1088.9937267619855,2014
178,956.6047439952101,2014
179,733.153311426367,2014
180,824.7354201746153,2014
181,923.4027879981635,2014
182,930.7557146076902,2014
183,735.3834157444165,2014
184,842.7506080039786,2014
185,678.1421325526322,2014
186,957.1480432682534,2014
187,987.143838886592,2014
188,772.0675872145132,2014
189,738.1559117485157,2014
190,879.8022372774918,2014
191,600.8038750691856,2014
192,854.3203238399044,2014
193,693.1179010548666,2014
194,769.3034070207651,2014
195,750.7693665307767,2014
196,689.8578618236606,2014
197,786.5712058529788,2014
198,693.7988436342471,2014
199,610.8223139448211,2014
200,1111.9328752820825,2014
201,949.6715834535913,2014
202,775.7938098823904,2014
203,1055.3325901887715,2014
204,638.2668949700592,2014
205,745.2441975058664,2014
206,917.549974233005,2014
207,704.122810557072,2014
208,622.373657998807,2014
209,1197.2211376143703,2014
210,504.3318241746872,2014
211,807.1991291764537,2014
212,911.9660087272381,2014
213,899.6305048537031,2014
214,825.9358241889375,2014
215,778.8831430817372,2014
216,1036.946541178078,2014
217,765.7881432527632,2014
218,1048.889226493365,2014
219,840.5303868033362,2014
220,796.6888916722336,2014
221,787.9346077855505,2014
222,817.5056083777694,2014
223,714.3434100964096,2014
224,899.5651999270668,2014
225,881.2975279600333,2014
226,652.157247131794,2014
227,811.7452929369736,2014
228,808.2179786898728,2014
229,1000.634089161518,2014
230,745.7488189990021,2014
231,820.3502916724839,2014
232,808.1984251519061,2014
233,518.0239335374426,2014
234,395.51412501519076,2014
235,732.6883306650941,2014
236,968.9284688746849,2014
237,866.0304843569089,2014
238,741.6194350885065,2014
239,883.2282614437961,2014
240,868.0213294998172,2014
241,954.0027238509316,2014
242,774.3588828138619,2014
243,755.6388332796654,2014
244,932.5215378877094,2014
245,733.340291562499,2014
246,990.3609597715352,2014
247,754.5001304395996,2014
248,820.0936199318259,2014
249,861.4661900499633,2014
250,581.4163028448974,2014
251,879.4390807619493,2014
252,614.0737479523259,2014
253,715.8977675545884,2014
254,815.1938691446833,2014
255,877.4330236497592,2014
256,981.7171951177719,2014
257,946.514686525122,2014
258,705.2938387471527,2014
259,782.7583316561012,2014
260,831.1260542311034,2014
261,598.5566001574493,2014
262,825.4944294398568,2014
263,830.6296546204126,2014
264,824.8340474020574,2014
265,493.84088332418014,2014
266,779.4427514050668,2014
267,714.4800502764529,2014
268,1061.4585969997433,2014
269,777.880049804706,2014
270,589.0616588113892,2014
271,1021.9636583223088,2014
272,708.4918948266702,2014
273,951.1895682720766,2014
274,344.25927733842684,2014
275,359.9291407056894,2014
276,533.9971583409692,2014
277,753.1279380137071,2014
278,890.2072743431809,2014
279,818.5904900821567,2014
280,759.2127152712378,2014
281,615.4581273023178,2014
282,867.7797687706453,2014
283,1055.8568832399765,2014
284,800.3651298106955,2014
285,823.274815846518,2014
286,736.0631700805525,2014
287,780.0086458505003,2014
288,819.2841198138422,2014
289,799.6590008892954,2014
290,708.8681241988293,2014
291,951.1500511358097,2014
292,931.065316448354,2014
293,786.4734570563468,2014
294,882.1592401218317,2014
295,788.9304240755367,2014
296,621.8841580647987,2014
297,725.9673984399868,2014
298,679.3498540513997,2014
299,791.4395628580722,2014
300,898.5968401919376,2014
301,698.0701523695741,2014
302,495.1587112650857,2014
303,794.4211605460301,2014
304,571.0911335480724,2014
305,828.1831162297785,2014
306,956.8491587148778,2014
307,983.1470617247924,2014
308,806.6353111145809,2014
309,786.7721456301634,2014
310,798.0254464011346,2014
311,826.9306262737363,2014
312,525.5029881609282,2014
313,1001.7924777905606,2014
314,652.4508915473848,2014
315,696.4446782387525,2014
316,632.5543899434829,2014
317,1000.3147973679351,2014
318,943.9785871499746,2014
319,928.2214911904412,2014
320,712.548417280251,2014
321,999.9628176367787,2014
322,670.1930604635486,2014
323,944.3266791757931,2014
324,984.8839380415824,2014
325,1120.643975466411,2014
326,732.4253890423207,2014
327,725.6347967228919,2014
328,554.4909070955504,2014
329,839.1668718431126,2014
330,622.0468882073591,2014
331,870.6493265418569,2014
332,778.8773835630186,2014
333,907.4375562002205,2014
334,1035.39312389888,2014
335,760.5117086966135,2014
336,514.8471806988293,2014
337,804.9517558697901,2014
338,447.30136873659814,2014
339,812.0512059488619,2014
340,1006.1357802535197,2014
341,865.4843737690529,2014
342,769.5223977240468,2014
343,889.042537380556,2014
344,560.2549596484204,2014
345,510.5353714852397,2014
346,1143.8425343469255,2014
347,781.4619916426998,2014
348,837.5898766204917,2014
349,833.349697334766,2014
350,644.44152714501,2014
351,529.0450451597837,2014
352,827.5579422188863,2014
353,1003.2669334092542,2014
354,691.7083933288536,2014
355,900.9616070137968,2014
356,620.9933870307912,2014
357,825.9745780685195,2014
358,1013.4446476118256,2014
359,875.651031495874,2014
360,714.0309508327774,2014
361,948.9095987608742,2014
362,782.522876988547,2014
363,545.8099612472183,2014
364,742.9883771443382,2014
365,923.3784250828904,2014
366,672.4438604912218,2014
367,1105.9783553621478,2014
368,919.8999164390165,2014
369,855.0836566617345,2014
370,600.9027207385121,2014
371,970.0083590191933,2014
372,666.933700756858,2014
373,603.9506218575901,2014
374,656.7898102992417,2014
375,790.0139489934832,2014
376,999.9652481739971,2014
377,783.4066299254297,2014
378,818.9488466594886,2014
379,938.6942740708333,2014
380,793.880065010293,2014
381,862.2849350042273,2014
382,873.0781695800075,2014
383,827.3111757541342,2014
384,749.4857721234177,2014
385,631.6403389545036,2014
386,897.3366947168518,2014
387,939.8923458553652,2014
388,657.9215979266689,2014
389,964.6508906113186,2014
390,938.0232229272654,2014
391,934.8221065520831,2014
392,655.7952380308952,2014
393,979.8039046736495,2014
394,775.1654174955654,2014
395,552.4478028653255,2014
396,720.065736908751,2014
397,589.6792156745721,2014
398,929.3496514071097,2014
399,754.4359313518088,2014
400,686.9948978816634,2014
401,879.0361864919913,2014
402,980.2777024279293,2014
403,867.6328036358829,2014
404,619.8763164734322,2014
405,966.8717444204588,2014
406,651.1476763448155,2014
407,903.4922964904677,2014
408,807.371784616705,2014
409,626.7342986336115,2014
410,683.1620023965264,2014
411,709.0154424215247,2014
412,701.242441673647,2014
413,562.4059751909787,2014
414,926.4148416537618,2014
415,864.4214169843634,2014
416,615.8955948827181,2014
417,892.7994441792463,2014
418,579.1735754564352,2014
419,942.5917051094059,2014
420,851.8585392738183,2014
421,747.4151678655818,2014
422,764.9049854983111,2014
423,660.750509928518,2014
424,853.375220870118,2014
425,812.8237560755242,2014
426,921.8374421695113,2014
427,795.9029702318696,2014
428,650.1503838349881,2014
429,867.5206490186308,2014
430,876.9017049180432,2014
431,797.9429963321343,2014
432,1077.7653622277624,2014
433,717.1106664114121,2014
434,956.5957032225035,2014
435,556.6204528096139,2014
436,704.4626859692129,2014
437,941.9075119472527,2014
438,629.0687882965465,2014
439,839.7326616801292,2014
440,662.5372422492678,2014
441,699.0635519107341,2014
442,967.242295096355,2014
443,633.1503059403215,2014
444,803.4041760450151,2014
445,468.85324064720396,2014
446,958.1907304973752,2014
447,908.7249615714467,2014
448,949.3814215453551,2014
449,930.1268634476089,2014
450,663.313303800348,2014
451,816.8557399158735,2014
452,732.3202957269392,2014
453,737.7100122801734,2014
454,619.6577602225151,2014
455,897.2781750852764,2014
456,958.1796989123529,2014
457,806.4882649874025,2014
458,893.9054926335323,2014
459,640.6522236233993,2014
460,985.9808355530282,2014
461,663.6923893753631,2014
462,925.6355133675485,2014
463,661.9954261069829,2014
464,594.8162513794923,2014
465,1095.1179773499948,2014
466,892.7321690161613,2014
467,820.2966898551446,2014
468,825.5036248787416,2014
469,801.1101581629136,2014
470,738.560152591721,2014
471,687.6495671665012,2014
472,602.3911408389899,2014
473,568.6255680254945,2014
474,725.15349279563,2014
475,819.2487144959321,2014
476,927.6626201518418,2014
477,883.7373274061538,2014
478,932.8849480479338,2014
479,787.0066587685801,2014
480,1035.365809759791,2014
481,544.9824913812665,2014
482,892.9059085213034,2014
483,670.9334288174094,2014
484,745.6575897405064,2014
485,937.0630980355128,2014
486,886.1251415114992,2014
487,890.4947962944194,2014
488,659.8941034739793,2014
489,829.4143319512812,2014
490,769.8065418857128,2014
491,750.6796478401359,2014
492,930.6637118359862,2014
493,707.248705374661,2014
494,768.2662551657638,2014
495,686.8741808423073,2014
496,786.0299379028168,2014
497,1160.127436879265,2014
498,694.7619192188882,2014
499,856.3277201279395,2014
500,634.8301417279067,2014
501,581.1402742439129,2014
502,757.4969040556549,2014
503,847.5896662303245,2014
504,1046.7574949244179,2014
505,1082.9043437306746,2014
506,819.122792158241,2014
507,888.8010804883819,2014
508,904.5688386572681,2014
509,691.1057087974514,2014
510,735.8495970617051,2014
511,694.5638616839233,2014
512,872.5182311430731,2014
513,667.2861634831283,2014
514,751.9467763186341,2014
515,733.3534290401543,2014
516,1020.2492774063757,2014
517,765.306623342789,2014
518,1015.9898418529883,2014
519,921.434562753672,2014
520,724.092490624589,2014
521,696.3676328923815,2014
522,987.2623480939216,2014
523,672.5590945239318,2014
524,927.7158848018288,2014
525,901.4934469727307,2014
526,885.4081360501586,2014
527,704.4732776019714,2014
528,863.8591855010856,2014
529,1213.0919190269115,2014
530,880.9885005039849,2014
531,726.2998571494708,2014
532,1045.9169409418405,2014
533,1177.7604055098957,2014
534,854.7302583228673,2014
535,766.3665958820008,2014
536,911.6965431705637,2014
537,925.116111300701,2014
538,1210.5315357408526,2014
539,888.1851721693675,2014
540,633.5379328345421,2014
541,952.6796873114843,2014
542,762.6623213930251,2014
543,824.0148579076342,2014
544,770.2107649476882,2014
545,702.3147324949226,2014
546,789.5816035919057,2014
547,707.2853721707106,2014
548,519.8773148805274,2014
549,644.3649056739938,2014
550,929.5069924093957,2014
551,891.1668842476146,2014
552,970.6412831626398,2014
553,750.001882843514,2014
554,814.1659932071074,2014
555,895.1123704373433,2014
556,767.0353441885038,2014
557,837.801592710075,2014
558,902.0642635117936,2014
559,832.8532362427824,2014
560,788.7106512269334,2014
561,790.9555993834405,2014
562,909.6678900256204,2014
563,578.154290787501,2014
564,465.6743925642889,2014
565,812.891238564704,2014
566,1082.7258922885153,2014
567,624.8247708598053,2014
568,786.5430717881226,2014
569,647.9606230144715,2014
570,942.2667273120053,2014
571,744.6914933297563,2014
572,706.9688833663229,2014
573,964.0941653008601,2014
574,919.6930634480563,2014
575,927.8907355224047,2014
576,1215.9703038913835,2014
577,1009.0086633201668,2014
578,933.7207628062588,2014
579,859.565029202965,2014
580,737.1366624231435,2014
581,747.0836052777357,2014
582,963.227078874282,2014
583,903.0821271048708,2014
584,997.5007109845405,2014
585,787.9210604820748,2014
586,636.2358049011357,2014
587,852.1677782620033,2014
588,873.8023078755776,2014
589,707.4886864562823,2014
590,933.3707244125517,2014
591,789.8970128675065,2014
592,761.2836744251355,2014
593,593.2635348901788,2014
594,646.0783250925763,2014
595,962.3392092090323,2014
596,646.8260146306341,2014
597,899.4518677460135,2014
598,949.0143927640963,2014
599,836.8369528872341,2014
600,606.1416573051093,2014
601,550.0335894315467,2014
602,686.3156282192184,2014
603,836.7917294643588,2014
604,861.53164618412,2014
605,976.8994265289615,2014
606,848.1361933403821,2014
607,1015.0810419654192,2014
608,814.4365359387959,2014
609,659.5921107718416,2014
610,917.6006872105927,2014
611,998.1581402142847,2014
612,583.7771645410382,2014
613,619.2329279246221,2014
614,504.1946262216771,2014
615,971.2086332678791,2014
616,877.8101105143801,2014
617,728.1220890946424,2014
618,975.2949655915353,2014
619,984.1890538776365,2014
620,694.9223288628227,2014
621,609.8423061649889,2014
622,388.67866538901956,2014
623,963.0044137010377,2014
624,965.289652030709,2014
625,631.0400383453671,2014
626,665.5969698913389,2014
627,1038.1358455979698,2014
628,880.9062443938254,2014
629,604.8112201008752,2014
630,1065.5242181923054,2014
631,639.5863729987735,2014
632,700.2827964503022,2014
633,926.2224603380283,2014
634,784.2336361398254,2014
635,686.0121990480799,2014
636,777.5681659001692,2014
637,750.5529693148827,2014
638,706.9352021447197,2014
639,774.8825480943607,2014
640,667.293954483719,2014
641,1038.2473073047556,2014
642,666.7556990548753,2014
643,760.1067553346459,2014
644,431.80173479569333,2014
645,1037.5016290958176,2014
646,854.3721321116338,2014
647,729.2341318622289,2014
648,691.1230696572692,2014
649,602.0348936337562,2014
650,989.6304148034648,2014
651,707.0106087051695,2014
652,843.9142427460849,2014
653,847.3954820874224,2014
654,797.3006208755777,2014
655,913.6942216498562,2014
656,697.3711295410124,2014
657,637.9032486885405,2014
658,715.6536685576851,2014
659,857.1066338431231,2014
660,1020.0577497513234,2014
661,839.210714181628,2014
662,807.7023813230669,2014
663,835.6120659422446,2014
664,675.4487826667588,2014
665,597.9785888495443,2014
666,922.1897070809563,2014
667,907.3783951946051,2014
668,833.5021450187357,2014
669,543.1875813940926,2014
670,1015.927694199569,2014
671,996.5291944794697,2014
672,882.3417527074116,2014
673,890.5153880487812,2014
674,810.0032309098233,2014
675,875.6782767683598,2014
676,629.2308955679176,2014
677,597.2043205374396,2014
678,994.7582999889286,2014
679,967.5687163194985,2014
680,933.4133270405828,2014
681,1010.6184546140445,2014
682,709.4675720777998,2014
683,865.8921152677905,2014
684,752.6364422305593,2014
685,930.1253479094157,2014
686,987.8253636621928,2014
687,708.9884321621847,2014
688,1036.9619356833862,2014
689,561.821141529458,2014
690,715.4351526873845,2014
691,813.9411569707984,2014
692,1104.0816278836548,2014
693,649.5948108795546,2014
694,859.5803112154691,2014
695,761.8431372525209,2014
696,1212.139771966185,2014
697,900.8421291291842,2014
698,829.9298498189636,2014
699,526.7281917904943,2014
700,868.9112465260506,2014
701,1065.6433073744256,2014
702,877.5303225189089,2014
703,830.9679590997907,2014
704,969.4837870878365,2014
705,911.7142474935449,2014
706,833.9973150009571,2014
707,730.6152665282862,2014
708,647.1971887200673,2014
709,519.0188936674117,2014
710,752.1966766906929,2014
711,859.0091730887599,2014
712,717.1167889675683,2014
713,971.5107564308687,2014
714,868.0673359966403,2014
715,608.1034465703051,2014
716,1048.748333083953,2014
717,804.4746721548565,2014
718,971.3184659421782,2014
719,593.9659781634609,2014
720,657.1719660683203,2014
721,959.1533423456531,2014
722,1062.3209883908598,2014
723,822.0770167272583,2014
724,829.5126291858384,2014
725,716.2104293280313,2014
726,849.5587869029682,2014
727,714.0580980575542,2014
728,931.4152274709281,2014
729,744.6722572924899,2014
730,803.0153936932594,2014
731,975.1081754952697,2014
732,427.1165997934159,2014
733,629.0982427956236,2014
734,979.1179951473398,2014
735,842.0840347343633,2014
736,825.4352125380007,2014
737,980.6923603921073,2014
738,920.351888870114,2014
739,659.6323197921486,2014
740,832.2111969429708,2014
741,890.455385547403,2014
742,845.7217310267511,2014
743,652.4041163577341,2014
744,1071.1233719410498,2014
745,1005.0239288140925,2014
746,990.8110323522592,2014
747,792.1449358335772,2014
748,1177.5978118860648,2014
749,830.0580298202052,2014
750,814.6573383830676,2014
751,924.9320610421412,2014
752,885.5832033563393,2014
753,829.9006910224448,2014
754,957.7165599233047,2014
755,1038.668038512174,2014
756,975.1040849141931,2014
757,843.3064084862732,2014
758,779.0123987387834,2014
759,880.9970906278563,2014
760,764.9937174937518,2014
761,539.1068215706493,2014
762,919.1124824054783,2014
763,868.9766228231006,2014
764,588.861097354717,2014
765,805.8557342395661,2014
766,848.1952447477001,2014
767,1023.829175559904,2014
768,913.0266255488854,2014
769,538.3185358177118,2014
770,601.1608807314685,2014
771,929.5560506082095,2014
772,861.4059649344416,2014
773,817.2944840128865,2014
774,779.037311690247,2014
775,1129.5583289888689,2014
776,931.4742224334035,2014
777,542.3286889484225,2014
778,703.2392972670061,2014
779,1133.4774204314451,2014
780,814.7803086805015,2014
781,873.6393790472771,2014
782,760.9770794330681,2014
783,614.6209840488457,2014
784,519.7301587046331,2014
785,962.2116242810441,2014
786,733.2863770437225,2014
787,899.6844390739848,2014
788,884.174280888124,2014
789,823.3152959763235,2014
790,662.8147458840189,2014
791,924.4407469065078,2014
792,904.906877464566,2014
793,747.0448088206707,2014
794,935.0536611188771,2014
795,831.8654604334552,2014
796,964.6764339795169,2014
797,684.3762977824942,2014
798,733.955536150574,2014
799,477.58663192800344,2014
800,789.5875906013995,2014
801,571.9225250806237,2014
802,976.8514574636911,2014
803,794.6099356332874,2014
804,798.867066729988,2014
805,918.5439694359875,2014
806,825.949780027245,2014
807,796.2898120972702,2014
808,1019.3553072091647,2014
809,758.7484930453859,2014
810,890.1409056354297,2014
811,991.0292032028024,2014
812,811.0590886013883,2014
813,666.5166024220171,2014
814,754.3127538791165,2014
815,750.7226196952391,2014
816,513.2436176311531,2014
817,655.0916092802527,2014
818,807.5189121236822,2014
819,889.4308431990002,2014
820,1206.330107741252,2014
821,922.3722916858842,2014
822,985.5596656670356,2014
823,1036.428763736502,2014
824,868.6006630518915,2014
825,745.0224854543633,2014
826,1001.3138715936559,2014
827,543.8301746661384,2014
828,624.1419056729808,2014
829,977.663376650962,2014
830,1179.3504514215892,2014
831,776.3327024584631,2014
832,798.6272012561877,2014
833,863.2010265860574,2014
834,731.3710476812366,2014
835,750.0469410729152,2014
836,836.8227359770785,2014
837,972.4858971297081,2014
838,909.975433795372,2014
839,953.3607443554647,2014
840,913.9719094167215,2014
841,746.4577901411697,2014
842,1008.2528034087923,2014
843,1020.6183930814647,2014
844,1039.7473519664584,2014
845,509.30691246858873,2014
846,896.88479404902,2014
847,765.2557596914448,2014
848,979.2921628464723,2014
849,858.1661399651186,2014
850,568.9949878450396,2014
851,1204.4308626821498,2014
852,774.2923215402474,2014
853,832.7965852667514,2014
854,697.3512501425732,2014
855,690.1896246408644,2014
856,736.7468693264798,2014
857,955.979578656247,2014
858,768.585691589612,2014
859,956.4835130797389,2014
860,745.7246194778198,2014
861,769.6948691133158,2014
862,885.6917021519196,2014
863,873.0403560047056,2014
864,484.480259289158,2014
865,790.3354867064709,2014
866,824.1876379561754,2014
867,781.1475424176665,2014
868,747.3811269800287,2014
869,739.3302353660429,2014
870,811.7175557157304,2014
871,612.8039089391768,2014
872,885.8157708331676,2014
873,928.5039339141874,2014
874,773.3668772668037,2014
875,571.7357864338401,2014
876,904.9364535095224,2014
877,931.6254276535589,2014
878,550.2423520495854,2014
879,821.771192341739,2014
880,674.3975422019194,2014
881,893.1918974519085,2014
882,793.2795728493887,2014
883,974.8229554705449,2014
884,943.756875957381,2014
885,961.5945399349243,2014
886,844.6526662638022,2014
887,879.8860593009061,2014
888,922.6386235841652,2014
889,722.012998193482,2014
890,610.9936978598498,2014
891,833.055751944854,2014
892,665.2286764890723,2014
893,885.3880761595756,2014
894,1027.7394963230724,2014
895,525.2786184086965,2014
896,712.4738550396901,2014
897,1076.2192372620632,2014
898,675.9129622160126,2014
899,802.8423810993576,2014
900,992.4836842633706,2014
901,508.63128629813025,2014
902,704.441037233702,2014
903,741.6112772704687,2014
904,734.4738680938698,2014
905,735.209785145591,2014
906,745.8280544070313,2014
907,659.4397605597826,2014
908,849.8455920838436,2014
909,541.2057742703739,2014
910,919.2365589949994,2014
911,781.2035915527024,2014
912,753.3205426490033,2014
913,894.8498425518152,2014
914,776.0482096844485,2014
915,1085.290897117588,2014
916,821.2686505912305,2014
917,1018.6625430431804,2014
918,645.3334678111173,2014
919,817.3494689218255,2014
920,887.8705968667114,2014
921,813.3201258000918,2014
922,669.8506915292908,2014
923,731.872210780547,2014
924,950.0887069689546,2014
925,878.4635324253723,2014
926,824.0208200663585,2014
927,856.6743630675285,2014
928,1097.8495699569228,2014
929,1145.6680823331865,2014
930,796.7207324725089,2014
931,954.2633391913275,2014
932,764.3433367831647,2014
933,1066.3356224351587,2014
934,972.1986967982511,2014
935,1188.0157230179314,2014
936,639.2211948198834,2014
937,803.2823825238405,2014
938,617.4894278589232,2014
939,708.1512829375623,2014
940,1288.3143251613267,2014
941,728.911556137781,2014
942,790.9743873805943,2014
943,785.87274637984,2014
944,1051.3104492655334,2014
945,866.5877691595765,2014
946,585.9094015363767,2014
947,745.7618278061257,2014
948,915.4619167114486,2014
949,862.3531711668272,2014
950,898.457340417722,2014
951,957.9049402259374,2014
952,755.5676464726988,2014
953,816.7863430178471,2014
954,585.8189713822463,2014
955,836.6630620178167,2014
956,633.3193804518874,2014
957,506.59855226140024,2014
958,821.5750292304058,2014
959,728.5667986937174,2014
960,769.9749897889603,2014
961,901.1441617716577,2014
962,1144.900404100678,2014
963,848.0540383410912,2014
964,867.96989452189,2014
965,405.7561383915407,2014
966,943.431605363914,2014
967,770.8937304842068,2014
968,778.5765239650274,2014
969,841.3420795201962,2014
970,776.3368875725447,2014
971,670.9488940499587,2014
972,561.8417676527347,2014
973,988.1208268977213,2014
974,848.257840749031,2014
975,657.9115269636961,2014
976,794.9825495093237,2014
977,968.6917488720156,2014
978,925.1191862654031,2014
979,649.3332738406427,2014
980,494.98529792401376,2014
981,702.4836145765687,2014
982,730.9723253734012,2014
983,865.0312898062028,2014
984,848.9046276310302,2014
985,572.6427443165321,2014
986,775.2534723717221,2014
987,968.0080340745744,2014
988,632.9605281736957,2014
989,673.4561600001778,2014
990,579.1424322830384,2014
991,775.4654196953605,2014
992,546.9735470534226,2014
993,651.9818248892915,2014
994,813.9580742344366,2014
995,507.59997820239846,2014
996,818.9944007425344,2014
997,877.4298489024904,2014
998,762.3692683264018,2014
999,937.2091685286046,2014
0,758.4848605778361,2018
1,887.2776503099336,2018
2,1122.259889582963,2018
3,608.0769493607637,2018
4,875.34153340128,2018
5,928.4043943376174,2018
6,778.581488684932,2018
7,816.5117998497842,2018
8,696.7902812970053,2018
9,865.0346122307051,2018
10,876.5331504465103,2018
11,775.2303538790104,2018
12,597.2331432023145,2018
13,881.9946124568673,2018
14,984.5982681662567,2018
15,961.4669157392877,2018
16,618.4062680917577,2018
17,753.9985146464649,2018
18,641.3871739202484,2018
19,860.3085381782547,2018
20,843.3747682146603,2018
21,992.4099833789743,2018
22,640.1456298878885,2018
23,544.0050695006045,2018
24,774.080391091541,2018
25,809.5565258966924,2018
26,855.5942578238075,2018
27,559.3185591049447,2018
28,475.1405938849341,2018
29,857.055519053183,2018
30,758.5248365649649,2018
31,713.647708305784,2018
32,863.2781459698874,2018
33,905.7170445263943,2018
34,806.8101743171337,2018
35,879.6035107234875,2018
36,820.7188043418383,2018
37,855.569470026306,2018
38,791.9183294782363,2018
39,960.9193999655627,2018
40,862.2878884663487,2018
41,681.2664479477986,2018
42,679.4937690072313,2018
43,800.6000119166237,2018
44,925.728260653924,2018
45,807.0625581995973,2018
46,466.82196715225376,2018
47,867.3185670668108,2018
48,797.9849334704296,2018
49,918.0563713628392,2018
50,828.2501209152757,2018
51,562.9653688559193,2018
52,737.9672488036445,2018
53,638.5456190379325,2018
54,672.2247168241781,2018
55,917.7131901817152,2018
56,709.1341590713964,2018
57,777.7199608400167,2018
58,820.0638640193655,2018
59,660.7865012524028,2018
60,793.5956358361452,2018
61,1000.6874653892185,2018
62,796.5420686838802,2018
63,939.7348829382604,2018
64,632.1497543795681,2018
65,820.2961229104201,2018
66,772.2153109513912,2018
67,683.0100375976118,2018
68,867.990306365402,2018
69,872.6129848099092,2018
70,699.7193713736831,2018
71,652.7546706343406,2018
72,721.4583551424594,2018
73,853.111456362828,2018
74,754.1294208260352,2018
75,747.182417768564,2018
76,699.3898568928081,2018
77,431.5836043751077,2018
78,791.1661235511714,2018
79,659.9401799697717,2018
80,861.8120549777383,2018
81,872.9985054740265,2018
82,996.164565262777,2018
83,687.4160466633115,2018
84,427.088620246688,2018
85,1032.2815143632367,2018
86,909.3312780797111,2018
87,1084.0999738308433,2018
88,1018.1575427785907,2018
89,568.1063031823727,2018
90,684.2122609323358,2018
91,846.3746990182741,2018
92,914.6125544916252,2018
93,744.5464442267053,2018
94,757.7271725035486,2018
95,742.4100219740062,2018
96,551.7823883192402,2018
97,723.0944569433409,2018
98,826.1499033527376,2018
99,844.0303791870938,2018
100,917.3018519274447,2018
101,861.3101023215775,2018
102,1069.517034954726,2018
103,795.074815990238,2018
104,901.5012314994732,2018
105,905.7124610845884,2018
106,887.5169279259569,2018
107,425.4861428399245,2018
108,909.5605341821431,2018
109,694.3304772926624,2018
110,733.4253716924329,2018
111,882.0418024513249,2018
112,716.382455038016,2018
113,734.8445412769988,2018
114,944.946029447865,2018
115,710.9928024796184,2018
116,800.9963185077287,2018
117,728.5185346708905,2018
118,769.9312752217425,2018
119,620.3498862097194,2018
120,965.4970686996836,2018
121,702.8981800133824,2018
122,914.0926117815349,2018
123,665.4625311318831,2018
124,801.0257987615556,2018
125,900.1065859806408,2018
126,816.7126635796576,2018
127,1002.1989558444184,2018
128,1151.8926245341577,2018
129,822.9383333540591,2018
130,845.5252915800702,2018
131,614.0146018864248,2018
132,810.7823113673012,2018
133,557.7208857592807,2018
134,1051.9596157486974,2018
135,824.4904566434725,2018
136,897.5714018223402,2018
137,735.423349643573,2018
138,886.3449229350106,2018
139,684.0868277763885,2018
140,599.1798424424742,2018
141,894.8903125057295,2018
142,539.9468522245788,2018
143,679.1277549541542,2018
144,836.7298653181307,2018
145,924.5228196064921,2018
146,776.6473213998362,2018
147,770.824893778705,2018
148,895.3848886808256,2018
149,406.9273435685447,2018
150,856.747408933004,2018
151,971.3444273179225,2018
152,729.1790654461233,2018
153,807.6260111439075,2018
154,897.8380392506265,2018
155,778.3979065434031,2018
156,1076.1143262786968,2018
157,788.2749756189872,2018
158,558.4761229554192,2018
159,784.3246388813033,2018
160,684.8228455061184,2018
161,930.6992801000928,2018
162,801.5914931271451,2018
163,777.7930021091629,2018
164,533.860597600848,2018
165,462.80780888496554,2018
166,725.1170508593193,2018
167,543.1300540698426,2018
168,1103.9295368357216,2018
169,696.8499137518137,2018
170,754.1384327228253,2018
171,873.3142277927922,2018
172,780.4366768966828,2018
173,916.2599103711583,2018
174,777.6149232618047,2018
175,901.6084217322983,2018
176,713.4341937457915,2018
177,626.1977627483659,2018
178,483.13731539229536,2018
179,750.1224427722137,2018
180,691.8862281745106,2018
181,712.3510696911362,2018
182,829.1204855517086,2018
183,832.1499553994455,2018
184,876.6664447563478,2018
185,734.818827575469,2018
186,686.4271443234545,2018
187,777.276305317691,2018
188,858.4259365024998,2018
189,865.0821301957009,2018
190,1126.705808413594,2018
191,849.06788746456,2018
192,959.5196602346233,2018
193,708.6518837149537,2018
194,923.3814270871176,2018
195,968.8765587325476,2018
196,934.2701990856137,2018
197,724.9399662975324,2018
198,698.4423814356187,2018
199,919.738945734096,2018
200,732.5761065302552,2018
201,925.0001934658919,2018
202,795.5446239917417,2018
203,706.2986547939756,2018
204,1068.5150699950564,2018
205,768.3931632484472,2018
206,791.8158953755275,2018
207,1013.9294049054644,2018
208,643.0325991100908,2018
209,974.881235766578,2018
210,787.9746742256082,2018
211,933.2320313216203,2018
212,1177.0082607072457,2018
213,630.9453561049571,2018
214,416.3164846563176,2018
215,1143.7029070055523,2018
216,818.1123239275496,2018
217,784.0894261172231,2018
218,1120.901548398986,2018
219,1093.6233346961824,2018
220,524.380541970538,2018
221,977.442605890821,2018
222,984.3990637669974,2018
223,905.7829912953046,2018
224,722.4239152318086,2018
225,871.4172678096493,2018
226,800.6733876413564,2018
227,807.4324079277084,2018
228,1137.6224689401358,2018
229,660.4024340503047,2018
230,1035.9605582916593,2018
231,523.1931394850844,2018
232,737.115728523885,2018
233,1062.6921797211521,2018
234,696.5152723849767,2018
235,961.8138980367498,2018
236,776.6623022575615,2018
237,755.2215291580974,2018
238,929.11118793254,2018
239,742.0034656294082,2018
240,670.0890657839238,2018
241,837.5886757559614,2018
242,552.2262447321839,2018
243,703.0010617676694,2018
244,811.6052989021998,2018
245,705.2330734003524,2018
246,955.707249683913,2018
247,869.8819551154259,2018
248,1180.632277673992,2018
249,686.5898096007193,2018
250,940.0453529672909,2018
251,720.7095731448711,2018
252,739.9186604589199,2018
253,697.0631283912616,2018
254,1017.9060685168565,2018
255,1133.316198092345,2018
256,896.4240398219987,2018
257,1019.3411735020095,2018
258,618.5004002707399,2018
259,702.8215164781776,2018
260,595.3985284103071,2018
261,653.9786656207891,2018
262,985.3750936886931,2018
263,794.6461522078554,2018
264,766.9895125261357,2018
265,758.963041886739,2018
266,992.562726692124,2018
267,707.6005381448152,2018
268,856.0447457185637,2018
269,950.7990230716805,2018
270,640.1520637217608,2018
271,668.5960306853225,2018
272,708.4484414596934,2018
273,804.7957688259283,2018
274,745.2233937196858,2018
275,892.437774055381,2018
276,805.4312176788528,2018
277,652.8910421839126,2018
278,591.151129555745,2018
279,1003.1475657843848,2018
280,610.8138627655651,2018
281,906.3532023910894,2018
282,695.9035889944138,2018
283,752.0596304838274,2018
284,726.2726151520906,2018
285,958.2929635252817,2018
286,795.1134486843489,2018
287,810.800437630087,2018
288,854.2411765031217,2018
289,906.2261259226603,2018
290,731.5591728938509,2018
291,820.527458243196,2018
292,465.57955155504936,2018
293,851.3759309344374,2018
294,775.0238657123034,2018
295,680.9038312556007,2018
296,650.982562903163,2018
297,585.2850182735754,2018
298,836.3697681045245,2018
299,933.8668023133334,2018
300,933.0230104936577,2018
301,1086.4565913152833,2018
302,736.3027396017865,2018
303,835.8126020234018,2018
304,722.2733608292651,2018
305,827.6732491992361,2018
306,737.3740862092262,2018
307,659.522233597615,2018
308,869.3302285078536,2018
309,865.4770822723463,2018
310,763.5429500244026,2018
311,1073.065571224028,2018
312,887.3836384594479,2018
313,821.6061488444545,2018
314,716.3203610159762,2018
315,876.2714237715114,2018
316,958.9071830892385,2018
317,1047.7310771772677,2018
318,856.7528548076057,2018
319,815.1509378872352,2018
320,902.355245268581,2018
321,1067.0341002147293,2018
322,908.2573039905401,2018
323,632.3460410518283,2018
324,561.1905408597337,2018
325,1012.0447321937166,2018
326,677.0943303127262,2018
327,817.0140332325598,2018
328,635.7810835127485,2018
329,1046.662022228295,2018
330,988.5356997250486,2018
331,659.4871106823912,2018
332,578.3646992195862,2018
333,558.9012774102655,2018
334,691.4978253770728,2018
335,999.0991376058644,2018
336,680.3435267739001,2018
337,734.4282424209277,2018
338,750.643236683414,2018
339,702.5290240402735,2018
340,578.4541866339154,2018
341,716.6874877707801,2018
342,1002.6749515328148,2018
343,652.9534758918005,2018
344,627.8948609618078,2018
345,666.5775069980368,2018
346,1049.928551429799,2018
347,912.3969509311033,2018
348,714.5327850184157,2018
349,1005.0456677006899,2018
350,613.302519685763,2018
351,897.2677579366629,2018
352,705.8375764810198,2018
353,836.5309741781655,2018
354,592.317565278773,2018
355,878.0707923509513,2018
356,780.1914325155514,2018
357,894.6237660898742,2018
358,850.1396717414789,2018
359,970.4419378158527,2018
360,1049.388669920343,2018
361,586.4539382496869,2018
362,873.9991414647593,2018
363,1015.6397157193742,2018
364,656.0978740707902,2018
365,783.8672833342808,2018
366,763.5456387592426,2018
367,719.9873139392321,2018
368,786.4933849495694,2018
369,930.7546246814065,2018
370,797.8581991379675,2018
371,724.6069484072412,2018
372,904.5920697722181,2018
373,948.6295681513766,2018
374,878.2822379650345,2018
375,893.8618718492239,2018
376,916.7410941631141,2018
377,762.6366510456313,2018
378,465.96146551986806,2018
379,977.0778077570575,2018
380,835.8342903436802,2018
381,847.5912472081641,2018
382,797.6309261715269,2018
383,619.1494484034399,2018
384,856.8137360174824,2018
385,408.2224506415336,2018
386,746.4907653569692,2018
387,1101.6613698881595,2018
388,934.1654629390835,2018
389,642.4281385485018,2018
390,799.1554026791292,2018
391,708.8794201746904,2018
392,917.5690511821879,2018
393,676.4442478948087,2018
394,818.1242934787439,2018
395,778.4478404440626,2018
396,858.9240784597911,2018
397,911.9669696508204,2018
398,883.7766408086503,2018
399,843.4986889517551,2018
400,985.1838282253941,2018
401,869.7029665618189,2018
402,904.5159209498901,2018
403,571.7302150911873,2018
404,794.0475380663557,2018
405,849.8448706927393,2018
406,821.6967260886757,2018
407,796.0250500650867,2018
408,773.304924847764,2018
409,1053.1344002459837,2018
410,982.654174911327,2018
411,582.9418249131411,2018
412,746.0026352270104,2018
413,694.4061258901995,2018
414,730.8337921827285,2018
415,717.0288071305799,2018
416,787.3425401217354,2018
417,843.8844468617558,2018
418,832.5422191082804,2018
419,930.4684085426929,2018
420,706.1687221330369,2018
421,616.2656274910514,2018
422,802.0675719275,2018
423,867.2470203149414,2018
424,572.2845606846461,2018
425,631.2999211787701,2018
426,612.6777103085172,2018
427,925.7356269424794,2018
428,723.2226822951101,2018
429,781.3619424501368,2018
430,606.7121228560642,2018
431,994.6951571174349,2018
432,696.5721507622483,2018
433,616.2223448167163,2018
434,758.2783645326597,2018
435,815.1178502718678,2018
436,854.8108169226296,2018
437,829.9854240312039,2018
438,611.0106924161571,2018
439,882.4396983466725,2018
440,676.778018039768,2018
441,532.6413738399901,2018
442,734.8846780815153,2018
443,556.8697867475607,2018
444,603.057368804047,2018
445,1079.3861332120086,2018
446,671.474365369371,2018
447,721.7667711032543,2018
448,733.6995053327174,2018
449,672.6444363928176,2018
450,900.8726437814992,2018
451,817.3575499764942,2018
452,794.2582316187315,2018
453,1163.8991750956006,2018
454,1061.063677020299,2018
455,860.9795702365511,2018
456,945.8131221669518,2018
457,746.0331523675434,2018
458,691.6549123913263,2018
459,719.2044076689591,2018
460,676.5167757354407,2018
461,847.3161984118784,2018
462,987.5433643209502,2018
463,863.3789651613575,2018
464,852.6717747698212,2018
465,768.8867495012654,2018
466,912.2565035779011,2018
467,1129.8189321571394,2018
468,858.4788403413194,2018
469,801.2522747474972,2018
470,857.3748568224414,2018
471,939.7031163296554,2018
472,740.3773718610246,2018
473,1057.4599011842042,2018
474,910.676505383296,2018
475,776.1237379025275,2018
476,780.9201906705958,2018
477,724.5430864926495,2018
478,888.3174280178299,2018
479,652.0426007068661,2018
480,784.2887642435695,2018
481,678.8360745910347,2018
482,889.6927102527459,2018
483,867.0311244329288,2018
484,1078.4940239389618,2018
485,983.6325117928238,2018
486,702.452711756408,2018
487,1055.1064050525283,2018
488,818.9072590958065,2018
489,840.6428162444378,2018
490,956.6120910129956,2018
491,668.3405627098093,2018
492,628.0817799342392,2018
493,795.0700660341288,2018
494,1030.2505200457276,2018
495,810.2292783274996,2018
496,784.3336163658774,2018
497,780.9681583316097,2018
498,762.3565737673597,2018
499,956.4939494907192,2018
500,905.7907676952287,2018
501,939.3243674178896,2018
502,674.0030989512611,2018
503,840.3167605871307,2018
504,736.5120065889079,2018
505,929.7948977311084,2018
506,929.6034696020803,2018
507,541.4246006908113,2018
508,692.2583782418012,2018
509,698.8687575282772,2018
510,830.8485708952909,2018
511,863.9670705433784,2018
512,943.1785685074587,2018
513,856.2861100749464,2018
514,1046.423045023757,2018
515,849.4498468872555,2018
516,855.9621109804992,2018
517,615.233697078175,2018
518,717.8099130886567,2018
519,1006.7860675831488,2018
520,674.6000187616386,2018
521,629.6973486094444,2018
522,824.0623725376145,2018
523,1042.0862440470153,2018
524,937.5674981168236,2018
525,731.4436604400013,2018
526,700.9767267008867,2018
527,872.9293105536916,2018
528,575.8619819433676,2018
529,801.8122301275313,2018
530,972.7570292273098,2018
531,698.5315141667421,2018
532,973.1696227869841,2018
533,976.3068839085366,2018
534,588.4472097931655,2018
535,754.8157453483757,2018
536,614.8240434210882,2018
537,768.9069913852779,2018
538,1041.4933065854466,2018
539,836.6080145567654,2018
540,788.1051511274043,2018
541,564.6388985166384,2018
542,1182.7456954516476,2018
543,950.9797634075087,2018
544,873.0602420433529,2018
545,801.6879226838432,2018
546,879.4952581862686,2018
547,397.9933960781896,2018
548,825.902660744003,2018
549,860.621974046833,2018
550,894.2251006660442,2018
551,786.0417952461788,2018
552,894.7599892898497,2018
553,787.4094997154194,2018
554,876.9930417520072,2018
555,788.6803561483613,2018
556,812.231938310024,2018
557,722.0657946981241,2018
558,909.1683536491046,2018
559,853.614861829778,2018
560,793.1326066879325,2018
561,760.8150699192089,2018
562,863.7973964837238,2018
563,774.2069695696578,2018
564,725.3389150815559,2018
565,679.270153915688,2018
566,1195.066016441829,2018
567,770.888589198923,2018
568,773.2411120978368,2018
569,698.0651249528189,2018
570,680.6710641435141,2018
571,727.2622491939499,2018
572,505.9519173055879,2018
573,987.2311390776874,2018
574,832.9508802740118,2018
575,1055.8351163907957,2018
576,826.3341309788213,2018
577,964.5418139048414,2018
578,917.6841594032876,2018
579,843.2282894952782,2018
580,817.26225394896,2018
581,506.98994864468625,2018
582,738.3469931554919,2018
583,993.5262090332799,2018
584,678.1457165468356,2018
585,998.9339642528191,2018
586,1016.3218543806871,2018
587,971.7302463681567,2018
588,838.6245979552843,2018
589,707.8045898676735,2018
590,788.4504816000612,2018
591,1004.5609709715245,2018
592,988.8644129732413,2018
593,620.8627209196483,2018
594,938.540489290913,2018
595,764.4420145869882,2018
596,688.8839673950985,2018
597,1029.2628996345,2018
598,786.9721376518098,2018
599,515.4986830232131,2018
600,770.4414403814973,2018
601,770.8814124127547,2018
602,865.9283396792928,2018
603,937.1548346121232,2018
604,526.2112104648513,2018
605,746.1969292205205,2018
606,953.4637277353438,2018
607,678.1378563424857,2018
608,713.4152195555465,2018
609,943.5535283092138,2018
610,849.1356657046719,2018
611,759.5936213135199,2018
612,673.8433368737234,2018
613,777.6315349349023,2018
614,757.9968360326064,2018
615,739.3004554917717,2018
616,695.5142196087742,2018
617,714.3184062203771,2018
618,537.4120117621547,2018
619,912.1739167273248,2018
620,876.6211735998186,2018
621,1101.6887683616656,2018
622,744.2472476577881,2018
623,1040.885186202219,2018
624,869.5692405115647,2018
625,819.4359943927481,2018
626,742.1649206181312,2018
627,702.3279344799491,2018
628,838.1162579236349,2018
629,684.4153336560952,2018
630,740.3910328348252,2018
631,937.9370656646929,2018
632,718.0872809035898,2018
633,549.7106153239984,2018
634,803.02548870537,2018
635,977.9663350747785,2018
636,608.2137072212756,2018
637,841.5855544906217,2018
638,906.2649353592,2018
639,1057.1661415368985,2018
640,544.23014463398,2018
641,865.479982219099,2018
642,695.3524157215198,2018
643,846.6761704320627,2018
644,661.6934090139443,2018
645,548.9170066181298,2018
646,892.5959165054765,2018
647,865.5596974577634,2018
648,728.0265329030872,2018
649,701.9555124803047,2018
650,496.2311696211911,2018
651,764.3916842668269,2018
652,850.1976414235712,2018
653,872.7261384242506,2018
654,994.0066303581975,2018
655,538.586282279424,2018
656,971.031553771929,2018
657,1077.8202226346239,2018
658,1174.8207709356755,2018
659,769.9980238644742,2018
660,816.0072300483415,2018
661,605.0531980494957,2018
662,671.8362911261324,2018
663,686.4925786653805,2018
664,603.6377777662987,2018
665,562.9129328866495,2018
666,733.6760672111568,2018
667,908.954881175786,2018
668,798.6983967241646,2018
669,728.2262456548503,2018
670,666.3302346365126,2018
671,679.0821250677999,2018
672,681.3996988557539,2018
673,750.2872470559658,2018
674,850.9892639213448,2018
675,741.0483458632393,2018
676,792.7244525802479,2018
677,733.5475252775101,2018
678,835.9839801821865,2018
679,883.9450573522282,2018
680,560.0534396982996,2018
681,657.2299837362689,2018
682,578.0687203749042,2018
683,641.8910736051666,2018
684,695.4509684789967,2018
685,908.6949920075057,2018
686,589.3758784916861,2018
687,872.699141515571,2018
688,873.7302675514813,2018
689,945.4623155078854,2018
690,901.5951071103866,2018
691,709.9449595988146,2018
692,889.181239000857,2018
693,875.2597477264325,2018
694,901.238662579423,2018
695,759.294494858557,2018
696,1050.2101079529928,2018
697,958.6864289951611,2018
698,1038.2633431646082,2018
699,711.8723481255438,2018
700,768.6294473578041,2018
701,825.3720434413374,2018
702,610.5312312534363,2018
703,796.9914045211829,2018
704,885.4661608073299,2018
705,666.0845664604105,2018
706,770.5290029553915,2018
707,988.2688575364836,2018
708,990.5304915921726,2018
709,558.4137971384305,2018
710,864.44301741091,2018
711,940.8672051361692,2018
712,805.1544240401503,2018
713,649.1760379075176,2018
714,778.2815861428104,2018
715,751.38941692239,2018
716,779.3652081184935,2018
717,667.545086757531,2018
718,858.8469084055064,2018
719,979.4899192637297,2018
720,552.8769427472103,2018
721,992.4224050672494,2018
722,1020.0657574235754,2018
723,829.1809789323299,2018
724,720.216796939336,2018
725,910.6397029549541,2018
726,920.2031525686414,2018
727,1022.3255170916333,2018
728,824.3707017030273,2018
729,849.8026070977057,2018
730,841.0905293911014,2018
731,730.5016601226205,2018
732,730.7981721965227,2018
733,765.9743990590767,2018
734,864.2752370725167,2018
735,909.5624173737941,2018
736,583.6535839319433,2018
737,471.1339495957214,2018
738,814.3402202212486,2018
739,665.4202506910518,2018
740,713.8462335483764,2018
741,664.9240506737623,2018
742,669.7128739255977,2018
743,792.1107549920882,2018
744,848.4139060532833,2018
745,482.96782363943777,2018
746,678.8049668055564,2018
747,755.3353145253109,2018
748,970.6070960431277,2018
749,640.938210714359,2018
750,935.5709650253061,2018
751,700.6701984329825,2018
752,886.9764677205314,2018
753,769.6018475462956,2018
754,660.0934723720441,2018
755,578.9732568393255,2018
756,594.5001905598783,2018
757,962.2287792462456,2018
758,731.4514371525204,2018
759,718.0172735850422,2018
760,1019.2521364144432,2018
761,771.7568349287945,2018
762,688.1622860572107,2018
763,461.8334508105359,2018
764,843.6282184507679,2018
765,898.3554143777243,2018
766,745.2803538353833,2018
767,966.5047150012142,2018
768,765.0307141812214,2018
769,764.3256627267477,2018
770,974.0123546553189,2018
771,836.6577800211448,2018
772,795.7562625315493,2018
773,677.7723223518733,2018
774,662.656754093833,2018
775,701.4112769787321,2018
776,888.1420710608999,2018
777,1001.3619528333458,2018
778,842.8360022705236,2018
779,907.5166820306998,2018
780,863.9499544271047,2018
781,827.0673477068083,2018
782,831.1829561379493,2018
783,825.8231888296727,2018
784,656.1815164158631,2018
785,1146.7586970516427,2018
786,1000.6383650152529,2018
787,627.2832342502531,2018
788,771.5456845383284,2018
789,922.249478497449,2018
790,1156.6197095161392,2018
791,617.3197169380244,2018
792,873.4147036017165,2018
793,686.5753838127758,2018
794,1160.8667914384134,2018
795,683.5904884606301,2018
796,938.6831103183713,2018
797,816.6621731086769,2018
798,687.9147201090773,2018
799,1015.651729763529,2018
800,913.7429563719478,2018
801,929.3304505868838,2018
802,602.4177932421903,2018
803,863.5655746855973,2018
804,1060.1454723187828,2018
805,791.5956650823487,2018
806,991.4717702165905,2018
807,866.261175784074,2018
808,793.4375970979265,2018
809,724.6058607000246,2018
810,676.5068908817066,2018
811,700.6711028007793,2018
812,589.64133097899,2018
813,1007.0801178279785,2018
814,632.8717947557146,2018
815,705.4714944153393,2018
816,834.013546674862,2018
817,720.9128814095824,2018
818,789.4195430162779,2018
819,1038.4219034804778,2018
820,945.2148793149544,2018
821,915.8849405171491,2018
822,881.451172976559,2018
823,768.2833456526287,2018
824,705.6478486345136,2018
825,965.7404171977014,2018
826,1021.8729229725375,2018
827,589.5559885639045,2018
828,832.0741693039155,2018
829,616.8168456382621,2018
830,706.82847134605,2018
831,785.6521586707396,2018
832,713.6804134500461,2018
833,671.1399100269151,2018
834,798.7636525015347,2018
835,767.1162444198794,2018
836,833.1346260077256,2018
837,764.153129755057,2018
838,557.078764271323,2018
839,790.5295042203443,2018
840,1006.9966734363857,2018
841,846.583804598609,2018
842,682.8513440634945,2018
843,659.986750015365,2018
844,881.9263670862662,2018
845,834.4132540596631,2018
846,739.7093606064643,2018
847,571.6997265106893,2018
848,796.9540472951609,2018
849,989.8436204331476,2018
850,865.7267314028024,2018
851,926.5671205281909,2018
852,1057.5308736096936,2018
853,618.3269385962972,2018
854,602.9022034411382,2018
855,1112.982631830018,2018
856,627.4331873877358,2018
857,840.7794796182266,2018
858,795.9091806365091,2018
859,928.8066139155503,2018
860,859.3066717790363,2018
861,857.4440978776148,2018
862,651.4164072187143,2018
863,726.3486440745393,2018
864,619.0718436998959,2018
865,693.9753212187408,2018
866,746.6316997059982,2018
867,976.952454166802,2018
868,1008.2990493905648,2018
869,501.43573037882595,2018
870,876.8160642876378,2018
871,840.2590417745173,2018
872,716.4099928371695,2018
873,745.8451649202055,2018
874,877.4045578846087,2018
875,911.4130540994663,2018
876,788.917483355492,2018
877,861.8391884908791,2018
878,653.8366777057224,2018
879,1079.2226090682595,2018
880,946.1155018276575,2018
881,1033.689213014253,2018
882,754.570970318887,2018
883,795.7177073317233,2018
884,729.047868559657,2018
885,723.5155899007409,2018
886,618.5705876273404,2018
887,743.4150050848147,2018
888,799.6036344207505,2018
889,972.7244895807172,2018
890,1017.7360775202205,2018
891,694.9453247727729,2018
892,800.7857428948762,2018
893,769.1614695038461,2018
894,834.9501147805208,2018
895,747.1036140659462,2018
896,806.1723186804949,2018
897,152.64855394295,2018
898,878.3482745456864,2018
899,747.4362821416489,2018
900,1048.7980828208392,2018
901,620.7132048387666,2018
902,1031.5407512102765,2018
903,633.8373088440192,2018
904,1155.106822233418,2018
905,1040.0048319316204,2018
906,689.2320553728392,2018
907,993.5588072465798,2018
908,641.6425606250345,2018
909,880.2562743792757,2018
910,720.742755823718,2018
911,746.6849318231666,2018
912,810.7568234447924,2018
913,1028.1577535343686,2018
914,539.8910449436114,2018
915,923.2918121604419,2018
916,909.5913543201843,2018
917,656.3401133040855,2018
918,734.0413336713474,2018
919,768.7977009754504,2018
920,895.9469403046833,2018
921,513.5334492008078,2018
922,721.9879274215923,2018
923,680.1922677995288,2018
924,768.4774148207066,2018
925,922.8189373286505,2018
926,902.2499773777363,2018
927,886.0195932307427,2018
928,479.30046122425847,2018
929,1043.026115000155,2018
930,675.1193414592992,2018
931,944.6667827580386,2018
932,829.013296359378,2018
933,854.4809677928658,2018
934,573.6616634266811,2018
935,670.1082011854903,2018
936,753.0567139493156,2018
937,597.0933825322793,2018
938,971.5313331906746,2018
939,1043.4352351872053,2018
940,652.3272809487385,2018
941,781.9048903716239,2018
942,578.8587533857843,2018
943,1035.405688081983,2018
944,786.5680096726846,2018
945,735.6165296554866,2018
946,755.4276316912697,2018
947,910.4463946631121,2018
948,688.8006145660864,2018
949,985.8642071995112,2018
950,787.0318485463081,2018
951,708.3738488634506,2018
952,1104.307950986185,2018
953,873.7265404725683,2018
954,795.296509900951,2018
955,783.5517128768848,2018
956,656.3646671617093,2018
957,824.7979424157719,2018
958,852.025758273415,2018
959,602.4192659933859,2018
960,923.6459261344252,2018
961,889.1154029231037,2018
962,876.4715877158746,2018
963,922.093013805606,2018
964,839.1437692562956,2018
965,600.2687656677689,2018
966,1117.1817141215943,2018
967,846.3255434030577,2018
968,727.2436832702655,2018
969,636.5103423555443,2018
970,874.792328346487,2018
971,574.2068577871012,2018
972,870.85897660845,2018
973,762.2477105298922,2018
974,710.7233572174797,2018
975,704.2600952897601,2018
976,916.990848476151,2018
977,881.3790763167409,2018
978,816.8693279138914,2018
979,871.465777563273,2018
980,1007.0326785492015,2018
981,628.5135350673006,2018
982,983.884381911813,2018
983,704.4295954946627,2018
984,913.1403998937394,2018
985,936.3669862329039,2018
986,1299.0046845972406,2018
987,1075.2164655756894,2018
988,774.1951139974362,2018
989,959.3809735916773,2018
990,1131.02288294651,2018
991,996.61720731343,2018
992,938.0096330065118,2018
993,756.1309692516612,2018
994,822.4580427367348,2018
995,871.5515352460002,2018
996,932.6591520941171,2018
997,588.3954271123159,2018
998,963.9288093613756,2018
999,1027.4763121762453,2018
