contract_id,plan_id
H0028,004
H0028,007
H0028,008
H0028,009
H0029,001
H0029,004
H0062,001
H0062,002
H0062,003
H0088,001
H0104,012
H0104,014
H0104,015
H0104,802
H0107,003
H0107,004
H0107,801
H0111,001
H0111,002
H0150,007
H0150,012
H0150,024
H0154,008
H0154,011
H0154,012
H0154,014
H0154,015
H0169,001
H0169,002
H0169,003
H0174,001
H0251,002
H0251,004
H0294,002
H0294,004
H0294,010
H0294,011
H0294,012
H0302,001
H0302,006
H0302,008
H0321,002
H0321,004
H0332,001
H0332,002
H0332,003
H0332,004
H0332,806
H0332,807
H0332,810
H0332,811
H0351,030
H0351,038
H0351,041
H0351,042
H0351,043
H0351,044
H0351,049
H0351,801
H0354,001
H0354,024
H0354,027
H0354,804
H0354,805
H0423,001
H0423,004
H0432,001
H0432,002
H0432,003
H0432,004
H0432,005
H0432,006
H0432,007
H0432,008
H0432,009
H0439,002
H0439,003
H0439,801
H0490,004
H0504,015
H0504,017
H0504,021
H0504,026
H0504,028
H0504,029
H0504,031
H0504,037
H0504,038
H0504,039
H0504,803
H0504,804
H0523,002
H0523,022
H0523,031
H0523,052
H0523,060
H0523,061
H0523,063
H0523,801
H0523,805
H0524,002
H0524,003
H0524,008
H0524,010
H0524,013
H0524,015
H0524,029
H0524,030
H0524,031
H0524,032
H0524,033
H0524,034
H0524,035
H0524,036
H0524,037
H0524,038
H0524,039
H0524,040
H0524,041
H0524,042
H0524,043
H0524,046
H0524,051
H0524,801
H0524,802
H0524,805
H0524,806
H0524,807
H0524,808
H0524,809
H0524,810
H0524,811
H0524,812
H0543,001
H0543,004
H0543,007
H0543,013
H0543,019
H0543,022
H0543,028
H0543,029
H0543,032
H0543,035
H0543,036
H0543,060
H0543,070
H0543,086
H0543,089
H0543,121
H0543,138
H0543,140
H0543,144
H0543,145
H0543,146
H0543,147
H0543,148
H0543,151
H0543,152
H0543,153
H0543,158
H0543,163
H0543,164
H0543,165
H0543,166
H0543,167
H0543,802
H0543,805
H0543,806
H0544,002
H0544,003
H0544,004
H0544,005
H0544,007
H0544,008
H0544,010
H0544,012
H0544,013
H0544,014
H0544,019
H0544,021
H0544,024
H0544,025
H0544,027
H0544,031
H0544,032
H0544,036
H0544,037
H0544,038
H0544,041
H0544,049
H0544,050
H0544,052
H0544,053
H0544,054
H0544,055
H0544,056
H0544,057
H0544,058
H0544,059
H0544,060
H0544,061
H0544,062
H0544,063
H0544,064
H0544,065
H0544,066
H0544,067
H0544,069
H0544,070
H0544,071
H0544,072
H0544,074
H0544,802
H0544,805
H0545,001
H0545,012
H0545,014
H0562,009
H0562,012
H0562,039
H0562,044
H0562,045
H0562,055
H0562,068
H0562,079
H0562,084
H0562,090
H0562,092
H0562,095
H0562,097
H0562,100
H0562,101
H0562,103
H0562,110
H0562,111
H0562,112
H0562,113
H0562,114
H0562,801
H0562,803
H0562,804
H0571,001
H0571,005
H0609,002
H0609,007
H0609,012
H0609,015
H0609,018
H0609,020
H0609,025
H0609,026
H0609,027
H0609,028
H0609,804
H0609,806
H0609,807
H0609,808
H0609,811
H0624,001
H0630,013
H0630,014
H0630,015
H0630,016
H0630,017
H0630,018
H0630,020
H0630,021
H0630,805
H0630,807
H0630,810
H0630,811
H0630,813
H0630,816
H0630,817
H0630,819
H0630,822
H0710,001
H0710,004
H0710,005
H0710,007
H0710,008
H0710,010
H0710,013
H0710,015
H0710,016
H0710,017
H0710,020
H0710,026
H0710,027
H0710,031
H0710,032
H0710,033
H0710,034
H0710,035
H0710,036
H0710,037
H0710,038
H0712,005
H0712,019
H0712,020
H0712,021
H0712,022
H0712,023
H0712,024
H0712,025
H0724,001
H0724,002
H0735,001
H0735,002
H0755,030
H0755,031
H0755,032
H0755,033
H0755,034
H0755,035
H0755,036
H0755,037
H0755,038
H0755,810
H0755,813
H0838,020
H0838,024
H0838,025
H0838,026
H0838,027
H0838,028
H0838,029
H0838,032
H0838,033
H0838,035
H0838,036
H0838,037
H0908,001
H0913,002
H0913,012
H0913,013
H1016,001
H1016,021
H1019,001
H1019,006
H1019,023
H1019,024
H1019,026
H1019,028
H1019,043
H1019,054
H1019,057
H1019,060
H1019,065
H1019,069
H1019,073
H1019,076
H1019,077
H1019,079
H1019,081
H1019,083
H1019,085
H1019,089
H1019,090
H1019,091
H1019,092
H1019,094
H1026,001
H1026,038
H1026,040
H1026,056
H1026,057
H1026,058
H1026,059
H1026,060
H1026,061
H1026,062
H1026,063
H1026,064
H1026,065
H1026,066
H1032,032
H1032,040
H1032,061
H1032,073
H1032,079
H1032,091
H1032,124
H1032,133
H1032,170
H1032,174
H1032,175
H1032,176
H1032,182
H1032,184
H1032,187
H1032,188
H1035,002
H1035,006
H1035,007
H1035,010
H1035,011
H1035,014
H1036,025
H1036,044
H1036,054
H1036,056
H1036,062
H1036,065
H1036,067
H1036,068
H1036,074
H1036,077
H1036,081
H1036,102
H1036,103
H1036,104
H1036,119
H1036,121
H1036,130
H1036,137
H1036,138
H1036,140
H1036,143
H1036,146
H1036,151
H1036,153
H1036,156
H1036,157
H1036,160
H1036,167
H1036,168
H1036,171
H1036,175
H1036,199
H1036,209
H1036,210
H1036,213
H1036,214
H1036,215
H1036,217
H1036,219
H1036,222
H1036,223
H1036,226
H1036,229
H1036,230
H1036,231
H1036,233
H1036,234
H1036,235
H1036,236
H1036,237
H1036,241
H1036,243
H1036,245
H1036,247
H1036,249
H1036,251
H1036,253
H1036,255
H1036,257
H1036,259
H1036,261
H1036,262
H1036,263
H1036,264
H1036,265
H1036,266
H1036,267
H1036,268
H1036,269
H1036,270
H1036,271
H1036,274
H1036,801
H1036,806
H1045,001
H1045,005
H1045,012
H1045,018
H1045,025
H1045,026
H1045,027
H1045,028
H1045,030
H1045,031
H1045,032
H1045,033
H1045,034
H1045,035
H1045,036
H1045,037
H1045,038
H1045,039
H1045,040
H1045,041
H1045,042
H1045,043
H1045,801
H1099,001
H1099,006
H1099,009
H1099,014
H1099,016
H1099,802
H1099,804
H1100,001
H1109,005
H1109,801
H1109,802
H1111,006
H1111,007
H1112,006
H1112,027
H1112,033
H1112,034
H1112,035
H1170,002
H1170,008
H1170,009
H1170,802
H1170,805
H1181,001
H1189,001
H1189,002
H1189,003
H1189,004
H1225,001
H1225,002
H1230,001
H1230,003
H1230,008
H1230,013
H1230,014
H1230,801
H1230,803
H1230,804
H1230,805
H1264,007
H1264,008
H1264,020
H1264,021
H1264,022
H1264,024
H1286,002
H1286,003
H1286,009
H1302,004
H1304,001
H1304,002
H1304,004
H1304,008
H1304,009
H1304,010
H1304,804
H1350,006
H1350,009
H1350,015
H1350,016
H1350,019
H1352,001
H1352,002
H1352,801
H1352,803
H1365,001
H1365,002
H1365,003
H1372,001
H1415,013
H1415,021
H1415,024
H1416,009
H1416,023
H1416,024
H1416,026
H1416,027
H1416,031
H1416,032
H1416,033
H1416,034
H1416,035
H1416,036
H1416,038
H1416,039
H1416,041
H1416,042
H1416,043
H1416,044
H1416,048
H1416,050
H1416,051
H1416,052
H1436,001
H1436,002
H1436,003
H1436,004
H1436,005
H1436,006
H1463,001
H1463,003
H1463,008
H1463,009
H1463,010
H1463,011
H1463,012
H1463,013
H1463,014
H1463,015
H1463,016
H1463,017
H1463,018
H1463,019
H1463,020
H1463,802
H1463,812
H1468,007
H1468,013
H1468,014
H1468,015
H1468,016
H1468,017
H1468,802
H1537,801
H1587,001
H1587,002
H1607,012
H1608,001
H1608,004
H1608,007
H1608,008
H1608,012
H1608,013
H1608,016
H1608,017
H1608,018
H1608,021
H1608,023
H1608,024
H1608,026
H1608,027
H1608,028
H1608,029
H1608,031
H1608,035
H1608,036
H1608,037
H1608,038
H1608,817
H1608,819
H1608,822
H1608,823
H1609,001
H1609,009
H1609,014
H1609,015
H1609,016
H1609,017
H1609,018
H1609,019
H1609,020
H1609,021
H1609,022
H1609,023
H1609,024
H1609,025
H1609,026
H1609,027
H1609,028
H1609,807
H1610,001
H1659,001
H1659,002
H1659,003
H1660,001
H1660,005
H1660,009
H1660,012
H1660,013
H1660,014
H1664,001
H1664,002
H1666,001
H1666,002
H1666,003
H1666,004
H1666,005
H1666,006
H1666,008
H1666,009
H1666,801
H1692,002
H1692,003
H1692,004
H1737,001
H1737,802
H1777,007
H1787,001
H1846,004
H1894,001
H1894,002
H1944,001
H1944,004
H1944,005
H1944,006
H1944,009
H1944,010
H1944,011
H1944,012
H1944,013
H1944,014
H1944,015
H1944,016
H1944,017
H1944,018
H1944,019
H1944,020
H1944,021
H1944,022
H1944,024
H1944,025
H1944,026
H1944,028
H1944,805
H1951,013
H1951,024
H1951,028
H1951,030
H1951,032
H1951,033
H1951,034
H1951,038
H1951,039
H1951,041
H1951,044
H1951,047
H1951,048
H1951,049
H1951,801
H1961,003
H1961,007
H1961,011
H1961,014
H1961,017
H1961,801
H1969,002
H1969,004
H1994,001
H1994,002
H1994,003
H1994,004
H1994,005
H1994,007
H1994,008
H1997,002
H1997,006
H2001,001
H2001,010
H2001,017
H2001,816
H2001,817
H2001,818
H2001,819
H2001,820
H2001,822
H2001,823
H2001,825
H2001,826
H2001,827
H2001,828
H2001,830
H2001,838
H2029,001
H2029,801
H2029,802
H2032,001
H2032,002
H2034,001
H2034,002
H2108,001
H2108,020
H2108,022
H2108,028
H2108,029
H2108,030
H2108,032
H2108,033
H2161,002
H2161,003
H2168,001
H2168,002
H2171,001
H2172,001
H2172,002
H2172,003
H2172,004
H2174,001
H2185,001
H2224,001
H2224,003
H2225,001
H2226,001
H2228,001
H2228,002
H2228,010
H2228,013
H2228,016
H2228,017
H2228,018
H2228,019
H2228,020
H2228,021
H2228,022
H2228,023
H2228,024
H2228,025
H2228,029
H2228,030
H2228,031
H2228,032
H2228,033
H2228,035
H2228,036
H2228,037
H2228,041
H2228,042
H2228,043
H2228,044
H2228,045
H2228,046
H2228,047
H2228,048
H2228,049
H2228,805
H2230,002
H2230,017
H2230,018
H2230,801
H2237,001
H2237,007
H2237,009
H2237,010
H2241,007
H2247,001
H2256,001
H2256,015
H2256,016
H2256,018
H2256,019
H2256,026
H2256,028
H2256,029
H2256,033
H2256,034
H2256,036
H2256,039
H2256,040
H2256,041
H2256,042
H2256,801
H2256,802
H2261,005
H2261,022
H2261,023
H2261,801
H2320,007
H2320,008
H2320,011
H2320,012
H2320,013
H2320,015
H2320,016
H2320,018
H2320,019
H2320,021
H2320,022
H2320,802
H2320,803
H2320,804
H2320,805
H2322,004
H2322,008
H2322,011
H2334,003
H2354,015
H2354,018
H2354,019
H2354,020
H2354,021
H2354,022
H2354,801
H2354,802
H2392,001
H2400,001
H2406,001
H2406,008
H2406,009
H2406,010
H2406,011
H2406,805
H2416,001
H2417,001
H2419,001
H2422,002
H2425,001
H2456,002
H2458,002
H2459,001
H2459,020
H2459,021
H2459,022
H2459,023
H2459,024
H2459,801
H2486,003
H2491,004
H2491,006
H2491,007
H2491,008
H2563,003
H2563,004
H2563,005
H2591,802
H2593,001
H2593,003
H2593,005
H2593,006
H2593,013
H2593,018
H2593,019
H2593,020
H2610,005
H2610,006
H2610,011
H2610,015
H2649,012
H2649,021
H2649,023
H2649,028
H2649,029
H2649,030
H2649,031
H2649,032
H2649,033
H2649,034
H2649,039
H2649,043
H2649,045
H2649,046
H2649,048
H2649,049
H2649,050
H2649,051
H2649,052
H2649,053
H2649,054
H2649,055
H2649,059
H2649,061
H2649,062
H2649,063
H2649,064
H2649,065
H2649,066
H2649,067
H2649,801
H2649,814
H2663,002
H2663,005
H2663,006
H2663,015
H2663,016
H2663,017
H2663,021
H2663,022
H2663,023
H2663,024
H2663,025
H2663,026
H2663,027
H2663,028
H2663,029
H2663,032
H2663,802
H2663,805
H2663,810
H2663,811
H2663,813
H2758,002
H2758,004
H2758,005
H2758,006
H2758,007
H2758,008
H2773,003
H2773,017
H2773,018
H2773,019
H2773,020
H2773,022
H2775,082
H2775,083
H2775,088
H2775,089
H2775,095
H2775,099
H2775,100
H2802,001
H2802,007
H2802,008
H2802,010
H2802,012
H2802,013
H2802,014
H2802,015
H2802,016
H2802,017
H2802,018
H2802,019
H2802,020
H2802,021
H2802,022
H2802,023
H2802,024
H2802,025
H2802,026
H2802,027
H2802,028
H2802,029
H2802,030
H2802,031
H2802,032
H2802,033
H2802,034
H2802,035
H2802,036
H2802,037
H2802,038
H2802,039
H2802,040
H2802,041
H2802,042
H2802,044
H2802,045
H2802,046
H2802,801
H2802,804
H2802,807
H2816,001
H2816,002
H2816,007
H2816,008
H2816,013
H2816,019
H2829,001
H2879,001
H2906,005
H2906,006
H2906,007
H2906,008
H2906,801
H2915,001
H2915,003
H2926,001
H2931,002
H2931,004
H2931,801
H2931,804
H2931,806
H2944,004
H2944,013
H2944,114
H2944,124
H2944,127
H2944,197
H2960,004
H2960,009
H2960,012
H2960,018
H2960,803
H2962,001
H2962,002
H2962,003
H2968,001
H2986,001
H2986,002
H2986,004
H2986,005
H3054,001
H3054,003
H3054,004
H3071,002
H3071,003
H3113,001
H3113,005
H3113,008
H3113,009
H3113,010
H3113,011
H3113,012
H3132,001
H3152,022
H3152,045
H3152,048
H3152,080
H3152,082
H3152,084
H3152,085
H3152,086
H3152,801
H3152,804
H3154,004
H3154,013
H3154,022
H3154,029
H3154,030
H3154,031
H3154,032
H3154,801
H3154,802
H3170,001
H3170,002
H3204,001
H3204,007
H3204,008
H3204,012
H3204,801
H3204,808
H3206,001
H3206,003
H3227,001
H3233,001
H3233,002
H3233,003
H3240,013
H3240,016
H3240,021
H3251,002
H3251,021
H3251,804
H3259,001
H3291,001
H3305,007
H3305,015
H3305,020
H3305,021
H3305,022
H3305,030
H3305,801
H3305,803
H3305,804
H3307,002
H3307,012
H3307,015
H3307,018
H3307,023
H3307,024
H3307,025
H3307,802
H3312,002
H3312,018
H3312,048
H3312,062
H3312,063
H3312,801
H3312,804
H3328,001
H3328,002
H3328,003
H3328,016
H3328,017
H3328,020
H3330,021
H3330,032
H3330,036
H3330,037
H3330,038
H3330,814
H3330,815
H3330,818
H3335,005
H3335,006
H3335,014
H3335,015
H3335,018
H3335,038
H3335,041
H3335,043
H3335,044
H3335,051
H3335,053
H3335,054
H3335,801
H3335,811
H3342,019
H3342,808
H3342,809
H3344,005
H3344,801
H3344,804
H3347,002
H3347,003
H3347,007
H3347,009
H3351,001
H3351,002
H3351,006
H3351,007
H3351,010
H3351,011
H3351,012
H3351,013
H3351,015
H3351,016
H3351,017
H3351,801
H3351,802
H3351,804
H3359,001
H3359,019
H3359,021
H3359,027
H3359,034
H3359,035
H3359,036
H3361,043
H3361,059
H3361,065
H3361,109
H3361,130
H3361,132
H3361,133
H3361,134
H3361,135
H3361,136
H3361,137
H3361,138
H3362,016
H3362,017
H3362,020
H3362,033
H3362,801
H3362,807
H3362,819
H3362,820
H3379,001
H3379,002
H3379,022
H3379,039
H3379,040
H3379,041
H3379,042
H3384,013
H3384,019
H3384,022
H3384,058
H3384,059
H3384,062
H3384,063
H3384,806
H3387,010
H3388,001
H3388,002
H3388,004
H3388,013
H3388,014
H3388,803
H3388,804
H3404,003
H3404,803
H3416,001
H3416,002
H3447,001
H3447,003
H3447,004
H3447,005
H3447,010
H3447,011
H3447,012
H3447,013
H3447,014
H3449,005
H3449,012
H3449,023
H3449,801
H3464,001
H3464,002
H3464,003
H3464,004
H3464,005
H3464,006
H3471,001
H3471,002
H3471,003
H3471,004
H3471,005
H3471,006
H3471,007
H3471,008
H3471,009
H3471,010
H3471,012
H3471,013
H3471,014
H3471,015
H3499,001
H3499,002
H3499,003
H3528,003
H3528,006
H3528,010
H3528,011
H3528,012
H3528,013
H3528,801
H3528,806
H3533,001
H3533,002
H3533,004
H3533,006
H3533,010
H3533,013
H3533,020
H3533,021
H3533,023
H3533,027
H3536,002
H3536,003
H3536,004
H3561,001
H3561,002
H3561,004
H3597,001
H3597,005
H3597,007
H3597,009
H3597,801
H3653,004
H3653,015
H3653,018
H3653,803
H3653,806
H3653,809
H3655,032
H3655,033
H3655,034
H3655,038
H3655,801
H3655,803
H3660,028
H3660,029
H3660,044
H3660,047
H3660,048
H3660,049
H3660,050
H3660,801
H3660,805
H3664,014
H3664,017
H3664,020
H3664,021
H3664,801
H3664,802
H3664,807
H3668,005
H3668,011
H3668,013
H3668,014
H3668,015
H3668,016
H3668,017
H3668,802
H3668,803
H3672,013
H3672,014
H3672,018
H3672,019
H3672,020
H3672,021
H3672,023
H3672,024
H3672,805
H3706,001
H3706,009
H3706,018
H3706,803
H3708,001
H3749,001
H3749,017
H3749,018
H3749,020
H3749,801
H3749,803
H3755,001
H3755,002
H3755,004
H3755,005
H3755,801
H3765,001
H3794,002
H3805,001
H3805,007
H3805,012
H3805,013
H3805,014
H3805,015
H3805,016
H3805,017
H3805,018
H3805,019
H3805,020
H3805,021
H3805,803
H3805,806
H3810,001
H3810,003
H3810,020
H3811,001
H3811,002
H3811,003
H3811,009
H3813,001
H3813,006
H3813,802
H3814,007
H3814,029
H3815,001
H3815,006
H3815,007
H3815,008
H3815,009
H3815,010
H3815,011
H3815,013
H3817,007
H3817,008
H3817,009
H3817,801
H3817,802
H3818,002
H3818,003
H3822,001
H3822,002
H3822,003
H3822,006
H3822,007
H3822,008
H3822,009
H3822,010
H3822,802
H3832,007
H3832,008
H3832,009
H3832,010
H3832,011
H3832,801
H3832,805
H3832,807
H3864,002
H3864,006
H3864,014
H3864,021
H3864,024
H3864,026
H3864,027
H3864,028
H3864,029
H3864,030
H3864,031
H3864,032
H3864,803
H3890,001
H3890,002
H3907,002
H3907,006
H3907,029
H3907,032
H3907,037
H3907,039
H3907,040
H3907,042
H3907,043
H3907,044
H3907,045
H3907,046
H3907,047
H3907,801
H3907,802
H3909,001
H3909,007
H3909,009
H3909,801
H3909,802
H3916,001
H3916,002
H3916,005
H3916,012
H3916,015
H3916,018
H3916,022
H3916,024
H3916,032
H3916,033
H3916,034
H3916,035
H3916,036
H3916,801
H3916,802
H3916,806
H3923,013
H3923,017
H3923,801
H3923,802
H3924,059
H3924,060
H3928,001
H3928,002
H3930,001
H3930,002
H3930,003
H3931,004
H3931,055
H3931,064
H3931,065
H3931,070
H3931,081
H3931,087
H3931,091
H3931,092
H3931,093
H3931,094
H3931,095
H3931,096
H3931,097
H3931,098
H3931,099
H3931,100
H3931,101
H3931,102
H3931,104
H3931,105
H3931,106
H3931,107
H3931,108
H3931,109
H3931,110
H3931,112
H3931,115
H3931,116
H3931,118
H3931,119
H3931,120
H3931,122
H3931,123
H3931,124
H3931,125
H3931,126
H3931,127
H3931,129
H3931,130
H3931,801
H3931,804
H3949,009
H3949,013
H3949,016
H3949,024
H3949,026
H3949,028
H3949,030
H3952,008
H3952,020
H3952,044
H3952,045
H3952,048
H3952,049
H3952,050
H3952,051
H3952,053
H3952,054
H3952,055
H3952,056
H3952,802
H3952,804
H3954,097
H3954,156
H3954,157
H3954,158
H3954,159
H3954,801
H3954,802
H3957,003
H3957,006
H3957,020
H3957,021
H3957,024
H3957,025
H3957,031
H3957,032
H3957,038
H3957,039
H3957,042
H3957,805
H3957,806
H3957,811
H3959,001
H3959,002
H3959,010
H3959,011
H3959,031
H3959,032
H3959,033
H3959,035
H3959,036
H3959,037
H3959,039
H3959,041
H3959,043
H3959,044
H3959,045
H3959,046
H3959,047
H3959,048
H3959,049
H3959,050
H3959,051
H3959,804
H3962,001
H3962,004
H3962,007
H3962,801
H3962,802
H3979,001
H4003,009
H4003,017
H4003,019
H4003,027
H4003,033
H4003,034
H4003,041
H4003,806
H4003,807
H4004,048
H4004,056
H4004,061
H4004,818
H4005,001
H4005,004
H4005,802
H4005,804
H4007,012
H4007,013
H4007,016
H4007,018
H4007,801
H4036,008
H4036,009
H4036,010
H4036,012
H4036,016
H4036,801
H4036,802
H4036,805
H4089,001
H4089,002
H4091,001
H4093,001
H4141,003
H4141,004
H4141,015
H4141,017
H4152,004
H4152,005
H4152,007
H4152,013
H4152,017
H4152,018
H4152,019
H4152,815
H4152,817
H4172,001
H4198,001
H4198,003
H4198,005
H4213,016
H4213,017
H4227,001
H4227,002
H4227,003
H4236,001
H4236,002
H4236,003
H4279,001
H4346,001
H4346,005
H4346,006
H4346,008
H4346,009
H4346,010
H4346,011
H4346,012
H4346,013
H4346,014
H4388,001
H4407,004
H4407,011
H4407,025
H4454,012
H4454,020
H4454,028
H4454,030
H4454,031
H4454,033
H4454,034
H4454,035
H4454,037
H4454,805
H4461,004
H4461,022
H4461,025
H4461,029
H4461,030
H4461,031
H4461,034
H4461,806
H4490,001
H4497,001
H4497,002
H4497,003
H4497,801
H4506,003
H4506,010
H4506,029
H4506,806
H4513,009
H4513,010
H4513,025
H4513,026
H4513,027
H4513,028
H4513,029
H4513,030
H4513,804
H4514,001
H4514,007
H4523,001
H4523,015
H4523,020
H4523,021
H4523,024
H4523,801
H4523,802
H4527,001
H4527,002
H4527,003
H4527,004
H4527,005
H4527,006
H4527,013
H4527,015
H4527,024
H4527,037
H4590,010
H4590,012
H4590,020
H4590,022
H4590,025
H4590,027
H4590,029
H4590,033
H4590,037
H4590,041
H4590,042
H4590,803
H4604,003
H4604,005
H4604,011
H4604,012
H4604,013
H4604,014
H4604,801
H4605,001
H4605,002
H4605,004
H4605,802
H4754,004
H4754,006
H4754,007
H4754,008
H4754,009
H4754,011
H4754,012
H4778,001
H4778,002
H4853,001
H4853,002
H4868,001
H4875,016
H4875,017
H4875,018
H4875,804
H4876,001
H4876,003
H4882,001
H4909,014
H4909,015
H4909,804
H4909,805
H4922,002
H4922,003
H4922,004
H4922,005
H4922,006
H4931,001
H4931,006
H4931,007
H4931,008
H4931,013
H4931,014
H4931,015
H4931,016
H5008,001
H5008,002
H5008,009
H5008,010
H5008,011
H5008,012
H5009,001
H5009,002
H5009,008
H5009,802
H5010,001
H5010,002
H5010,004
H5042,801
H5042,802
H5042,803
H5050,001
H5050,004
H5050,009
H5050,013
H5050,017
H5050,019
H5050,021
H5050,801
H5050,802
H5087,001
H5087,002
H5087,005
H5087,016
H5087,017
H5106,013
H5106,807
H5106,808
H5117,001
H5117,002
H5141,001
H5141,004
H5141,007
H5141,025
H5141,026
H5141,032
H5190,001
H5190,002
H5190,003
H5190,004
H5199,001
H5199,002
H5199,003
H5199,004
H5209,002
H5209,004
H5211,001
H5211,002
H5211,003
H5211,004
H5211,007
H5211,008
H5211,009
H5211,010
H5211,012
H5215,001
H5215,002
H5215,005
H5215,006
H5215,007
H5215,008
H5215,009
H5215,010
H5215,011
H5216,001
H5216,006
H5216,009
H5216,011
H5216,012
H5216,013
H5216,014
H5216,015
H5216,017
H5216,018
H5216,019
H5216,020
H5216,021
H5216,022
H5216,023
H5216,024
H5216,025
H5216,026
H5216,027
H5216,028
H5216,029
H5216,030
H5216,031
H5216,032
H5216,033
H5216,034
H5216,035
H5216,036
H5216,037
H5216,038
H5216,039
H5216,040
H5216,041
H5216,042
H5216,043
H5216,044
H5216,045
H5216,046
H5216,047
H5216,048
H5216,050
H5216,051
H5216,052
H5216,053
H5216,054
H5216,055
H5216,056
H5216,057
H5216,058
H5216,059
H5216,060
H5216,061
H5216,062
H5216,063
H5216,064
H5216,065
H5216,066
H5216,067
H5216,068
H5216,070
H5216,071
H5216,072
H5216,073
H5216,074
H5216,075
H5216,076
H5216,077
H5216,078
H5216,079
H5216,080
H5216,081
H5216,082
H5216,083
H5216,084
H5216,085
H5216,086
H5216,087
H5216,088
H5216,089
H5216,091
H5216,092
H5216,093
H5216,094
H5216,095
H5216,096
H5216,097
H5216,098
H5216,099
H5216,100
H5216,103
H5216,104
H5216,105
H5216,106
H5216,107
H5216,108
H5216,109
H5216,110
H5216,111
H5216,112
H5216,113
H5216,114
H5216,115
H5216,116
H5216,117
H5216,119
H5216,120
H5216,121
H5216,122
H5216,123
H5216,124
H5216,125
H5216,126
H5216,127
H5216,128
H5216,129
H5216,131
H5216,132
H5216,133
H5216,135
H5216,136
H5216,137
H5216,138
H5216,139
H5216,140
H5216,141
H5216,805
H5216,806
H5216,809
H5253,004
H5253,007
H5253,011
H5253,021
H5253,024
H5253,030
H5253,033
H5253,034
H5253,035
H5253,036
H5253,037
H5253,038
H5253,039
H5253,040
H5253,041
H5253,042
H5253,044
H5253,045
H5253,046
H5253,047
H5253,048
H5253,049
H5253,050
H5253,051
H5253,052
H5253,053
H5253,054
H5253,055
H5253,056
H5253,057
H5253,059
H5253,060
H5253,062
H5253,063
H5253,064
H5253,067
H5253,068
H5253,072
H5253,073
H5253,074
H5253,075
H5253,076
H5253,077
H5253,079
H5253,080
H5253,081
H5253,082
H5253,083
H5253,084
H5253,085
H5253,086
H5253,087
H5253,088
H5253,089
H5253,090
H5253,091
H5253,097
H5253,801
H5253,813
H5253,818
H5253,821
H5262,001
H5262,003
H5262,004
H5262,005
H5262,007
H5262,008
H5262,009
H5262,010
H5262,011
H5262,012
H5262,013
H5294,002
H5302,011
H5322,001
H5322,003
H5322,004
H5322,024
H5322,025
H5322,026
H5322,028
H5322,029
H5322,030
H5322,031
H5386,003
H5386,004
H5386,801
H5386,802
H5410,001
H5410,004
H5410,013
H5410,018
H5410,807
H5420,001
H5420,003
H5420,006
H5422,007
H5422,008
H5422,009
H5425,001
H5425,004
H5425,005
H5425,006
H5425,007
H5425,008
H5425,009
H5425,010
H5425,019
H5425,020
H5425,028
H5425,029
H5425,030
H5425,031
H5425,033
H5425,034
H5425,037
H5425,040
H5425,045
H5425,046
H5425,047
H5425,048
H5425,052
H5425,053
H5425,054
H5425,055
H5425,061
H5425,062
H5425,064
H5425,803
H5425,804
H5427,052
H5427,059
H5427,060
H5427,070
H5427,072
H5427,077
H5427,078
H5427,082
H5427,083
H5427,087
H5427,088
H5427,089
H5427,091
H5427,092
H5427,093
H5427,094
H5430,001
H5431,001
H5431,006
H5431,012
H5433,001
H5434,002
H5434,801
H5434,802
H5435,001
H5435,024
H5439,010
H5439,011
H5439,012
H5439,013
H5439,014
H5439,015
H5439,016
H5471,001
H5471,002
H5471,007
H5471,008
H5471,009
H5471,012
H5471,020
H5471,021
H5471,039
H5471,042
H5471,043
H5471,049
H5471,050
H5471,051
H5471,052
H5471,054
H5471,056
H5471,057
H5471,058
H5471,059
H5471,060
H5471,061
H5471,062
H5471,063
H5475,001
H5475,003
H5475,004
H5475,005
H5475,006
H5475,007
H5475,008
H5475,009
H5475,010
H5475,011
H5475,013
H5475,014
H5475,016
H5496,005
H5496,007
H5496,008
H5496,009
H5496,010
H5521,012
H5521,013
H5521,015
H5521,016
H5521,020
H5521,022
H5521,027
H5521,033
H5521,037
H5521,040
H5521,053
H5521,055
H5521,056
H5521,057
H5521,058
H5521,059
H5521,060
H5521,076
H5521,077
H5521,081
H5521,082
H5521,083
H5521,084
H5521,085
H5521,086
H5521,087
H5521,088
H5521,089
H5521,090
H5521,091
H5521,092
H5521,094
H5521,095
H5521,099
H5521,100
H5521,101
H5521,102
H5521,103
H5521,104
H5521,105
H5521,107
H5521,108
H5521,109
H5521,110
H5521,111
H5521,112
H5521,113
H5521,114
H5521,115
H5521,116
H5521,117
H5521,118
H5521,119
H5521,120
H5521,121
H5521,122
H5521,123
H5521,124
H5521,125
H5521,126
H5521,127
H5521,128
H5521,130
H5521,131
H5521,134
H5521,139
H5521,140
H5521,141
H5521,142
H5521,143
H5521,144
H5521,145
H5521,146
H5521,147
H5521,148
H5521,149
H5521,150
H5521,151
H5521,152
H5521,153
H5521,154
H5521,156
H5521,157
H5521,158
H5521,159
H5521,160
H5521,167
H5521,168
H5521,169
H5521,170
H5521,171
H5521,177
H5521,178
H5521,179
H5521,183
H5521,184
H5521,185
H5521,186
H5521,187
H5521,190
H5521,194
H5521,195
H5521,196
H5521,197
H5521,199
H5521,801
H5521,802
H5521,805
H5521,806
H5522,001
H5522,002
H5522,004
H5522,005
H5522,013
H5522,014
H5522,017
H5522,018
H5522,803
H5525,004
H5525,005
H5525,006
H5525,007
H5525,008
H5525,015
H5525,017
H5525,020
H5525,022
H5525,023
H5525,024
H5525,025
H5525,026
H5525,027
H5525,030
H5525,031
H5525,809
H5525,810
H5525,813
H5526,004
H5526,016
H5526,017
H5526,018
H5526,019
H5526,806
H5526,808
H5528,807
H5533,003
H5533,005
H5533,007
H5533,008
H5533,802
H5549,002
H5549,003
H5549,006
H5549,008
H5576,008
H5576,017
H5576,018
H5576,019
H5576,020
H5576,022
H5576,801
H5577,002
H5577,005
H5577,008
H5577,014
H5577,016
H5577,017
H5577,026
H5577,027
H5577,028
H5577,029
H5577,802
H5577,809
H5580,001
H5580,004
H5580,005
H5587,002
H5590,003
H5591,001
H5591,003
H5591,005
H5591,006
H5591,007
H5591,008
H5591,009
H5591,011
H5591,013
H5594,001
H5594,002
H5594,016
H5594,017
H5594,019
H5594,022
H5594,026
H5594,028
H5594,029
H5594,030
H5594,031
H5594,032
H5608,001
H5608,002
H5613,002
H5613,802
H5619,001
H5619,003
H5619,012
H5619,013
H5619,015
H5619,016
H5619,021
H5619,023
H5619,026
H5619,029
H5619,032
H5619,037
H5619,038
H5619,039
H5619,040
H5619,041
H5619,042
H5619,044
H5619,045
H5619,046
H5619,047
H5619,049
H5619,050
H5619,051
H5619,052
H5619,053
H5619,054
H5619,055
H5619,056
H5619,057
H5619,059
H5619,060
H5619,061
H5619,062
H5619,063
H5619,064
H5619,065
H5619,066
H5619,067
H5619,069
H5619,070
H5619,071
H5619,072
H5619,073
H5619,074
H5619,075
H5619,076
H5619,077
H5619,078
H5619,079
H5619,080
H5619,081
H5619,082
H5619,083
H5619,084
H5619,086
H5619,087
H5619,088
H5619,089
H5619,090
H5619,091
H5619,093
H5619,094
H5619,095
H5619,096
H5619,097
H5619,099
H5619,100
H5619,101
H5619,102
H5619,104
H5619,109
H5619,802
H5628,001
H5628,006
H5628,007
H5628,008
H5628,009
H5628,010
H5649,001
H5649,002
H5649,004
H5649,006
H5649,008
H5649,009
H5652,001
H5652,002
H5652,003
H5652,004
H5652,006
H5656,001
H5703,001
H5746,016
H5774,003
H5774,005
H5774,022
H5774,023
H5774,024
H5774,025
H5774,026
H5774,806
H5774,808
H5774,809
H5779,002
H5779,003
H5779,005
H5779,006
H5793,001
H5793,008
H5793,010
H5793,011
H5793,801
H5793,802
H5810,001
H5817,018
H5817,019
H5817,020
H5817,022
H5817,023
H5817,024
H5817,026
H5823,006
H5823,007
H5823,008
H5826,006
H5826,008
H5826,009
H5826,010
H5826,014
H5852,001
H5854,007
H5854,008
H5854,009
H5854,010
H5859,001
H5859,003
H5883,001
H5883,002
H5883,003
H5883,004
H5883,007
H5883,008
H5883,009
H5883,011
H5883,801
H5883,805
H5926,001
H5928,001
H5928,004
H5928,005
H5928,009
H5928,010
H5928,016
H5928,037
H5928,038
H5928,044
H5932,001
H5932,009
H5932,010
H5932,011
H5937,001
H5938,001
H5938,006
H5938,802
H5938,804
H5945,001
H5945,002
H5945,005
H5945,006
H5959,001
H5959,003
H5969,002
H5970,001
H5970,008
H5970,015
H5970,016
H5970,017
H5970,018
H5970,019
H5970,801
H5970,802
H5989,002
H5991,001
H5991,002
H5991,003
H5991,006
H5992,007
H5995,001
H6154,001
H6237,004
H6237,005
H6306,002
H6306,003
H6306,005
H6306,006
H6306,007
H6306,010
H6328,001
H6328,002
H6328,003
H6328,005
H6348,001
H6348,002
H6348,003
H6351,001
H6396,001
H6396,002
H6396,004
H6453,001
H6453,002
H6453,003
H6453,004
H6453,801
H6502,001
H6502,802
H6526,001
H6526,002
H6528,006
H6550,001
H6622,001
H6622,002
H6622,004
H6622,005
H6622,007
H6622,008
H6622,010
H6622,011
H6622,012
H6622,013
H6622,014
H6622,015
H6622,016
H6622,017
H6622,018
H6622,019
H6622,020
H6622,021
H6622,022
H6622,023
H6622,024
H6622,025
H6622,026
H6622,027
H6622,028
H6622,029
H6622,030
H6622,032
H6622,033
H6622,034
H6622,035
H6622,036
H6622,037
H6622,038
H6622,039
H6622,040
H6622,041
H6622,042
H6622,043
H6622,044
H6622,045
H6622,046
H6622,047
H6622,048
H6622,049
H6622,801
H6672,001
H6672,003
H6672,004
H6723,001
H6723,002
H6723,003
H6723,801
H6743,001
H6743,002
H6743,003
H6743,004
H6743,006
H6743,007
H6743,014
H6743,016
H6750,001
H6750,002
H6750,005
H6776,001
H6786,002
H6815,003
H6815,005
H6864,001
H6947,001
H6988,001
H6988,002
H6988,003
H7006,001
H7006,003
H7020,004
H7115,001
H7149,001
H7149,004
H7165,001
H7165,002
H7173,001
H7173,002
H7173,003
H7200,006
H7200,007
H7200,013
H7200,014
H7220,002
H7220,004
H7220,009
H7245,001
H7245,002
H7245,003
H7245,005
H7301,002
H7301,006
H7301,007
H7317,001
H7326,001
H7326,002
H7464,001
H7511,001
H7522,001
H7522,802
H7678,001
H7680,001
H7680,002
H7680,005
H7680,006
H7728,002
H7728,004
H7728,005
H7728,801
H7728,804
H7787,001
H7787,002
H7802,001
H7802,002
H7853,001
H7853,002
H7917,008
H7917,009
H7917,010
H7917,011
H7917,012
H7917,013
H7917,014
H7917,015
H7917,030
H7917,031
H7917,032
H7917,033
H7917,801
H7971,001
H7971,801
H7971,805
H7971,806
H8003,001
H8003,002
H8003,003
H8064,002
H8067,001
H8130,001
H8133,001
H8133,003
H8133,004
H8133,005
H8133,006
H8133,007
H8133,008
H8133,011
H8133,012
H8133,014
H8142,001
H8145,003
H8145,004
H8145,006
H8145,008
H8145,011
H8145,021
H8145,032
H8145,042
H8145,050
H8145,051
H8145,052
H8145,055
H8145,061
H8145,063
H8145,069
H8145,075
H8145,084
H8145,087
H8145,089
H8145,091
H8145,103
H8145,108
H8145,120
H8145,121
H8145,122
H8145,123
H8145,125
H8145,126
H8145,155
H8170,001
H8170,002
H8189,001
H8211,001
H8211,002
H8211,003
H8211,004
H8237,001
H8266,001
H8266,002
H8266,004
H8280,001
H8280,002
H8298,001
H8432,002
H8432,003
H8432,004
H8432,005
H8432,007
H8432,008
H8432,009
H8432,010
H8432,011
H8432,012
H8432,013
H8432,014
H8432,015
H8432,016
H8432,017
H8432,018
H8432,804
H8432,805
H8506,001
H8552,020
H8552,801
H8552,802
H8554,001
H8554,002
H8578,001
H8578,003
H8578,004
H8578,009
H8578,012
H8578,801
H8604,010
H8604,011
H8604,013
H8604,801
H8634,002
H8634,003
H8634,004
H8634,801
H8634,807
H8634,813
H8634,815
H8649,003
H8649,008
H8748,002
H8748,008
H8748,009
H8748,010
H8748,011
H8748,012
H8748,013
H8748,014
H8748,015
H8748,017
H8748,018
H8748,019
H8748,020
H8748,022
H8748,023
H8764,001
H8764,002
H8764,003
H8764,801
H8768,001
H8768,002
H8768,003
H8768,004
H8854,001
H8854,002
H8908,001
H8908,002
H8908,004
H8967,001
H9001,013
H9001,015
H9001,019
H9001,029
H9001,030
H9001,031
H9001,032
H9001,033
H9001,034
H9001,803
H9003,001
H9003,006
H9003,801
H9003,802
H9003,805
H9047,001
H9047,024
H9047,033
H9047,035
H9047,037
H9047,038
H9047,039
H9047,043
H9047,045
H9047,047
H9047,049
H9047,801
H9047,804
H9047,808
H9047,809
H9082,007
H9082,008
H9096,001
H9096,002
H9096,003
H9096,004
H9096,005
H9104,006
H9153,001
H9190,001
H9190,002
H9190,006
H9190,007
H9190,008
H9190,012
H9190,013
H9190,014
H9190,018
H9190,019
H9190,020
H9190,021
H9207,001
H9207,002
H9207,004
H9207,005
H9207,007
H9207,008
H9207,010
H9208,001
H9208,002
H9276,001
H9276,002
H9276,003
H9276,004
H9276,005
H9276,006
H9276,007
H9276,008
H9276,009
H9276,010
H9276,011
H9276,012
H9276,013
H9287,001
H9287,004
H9302,003
H9302,004
H9302,007
H9302,011
H9403,001
H9403,003
H9403,004
H9408,001
H9408,002
H9460,001
H9525,003
H9525,004
H9525,006
H9525,007
H9525,008
H9525,804
H9572,001
H9572,002
H9572,003
H9572,004
H9572,801
H9572,802
H9585,001
H9589,003
H9615,007
H9615,008
H9615,009
H9615,010
H9615,012
H9615,802
H9615,807
H9630,001
H9630,002
H9630,003
H9699,004
H9725,001
H9725,003
H9730,002
H9730,003
H9730,004
H9730,005
H9808,004
H9808,005
H9811,001
H9834,001
H9834,003
H9834,004
H9870,001
H9877,001
H9877,002
H9877,003
H9886,003
H9886,004
H9915,001
H9915,006
H9915,007
H9915,008
H9915,009
H9915,010
H9954,002
H9954,004
H9954,005
H9954,006
R0110,001
R0110,002
R0110,003
R0110,801
R0865,001
R0865,003
R0865,801
R0865,802
R0923,001
R0923,002
R0923,801
R1390,001
R1390,002
R1390,801
R1532,001
R1532,002
R1532,801
R1548,001
R3175,003
R3332,001
R3392,001
R3392,002
R3392,801
R3444,008
R3444,009
R3444,011
R3444,012
R3887,001
R3887,002
R3887,801
R3887,802
R4182,001
R4182,003
R4182,004
R4182,801
R4845,001
R4845,002
R4845,801
R5329,001
R5342,001
R5342,002
R5342,005
R5342,006
R5342,801
R5361,001
R5361,002
R5361,801
R5361,802
R5495,001
R5495,002
R5495,801
R5826,005
R5826,018
R5826,074
R5826,805
R5941,013
R5941,014
R5941,015
R6694,003
R6694,005
R6694,006
R6801,008
R6801,009
R6801,011
R6801,012
R7220,001
R7220,002
R7220,801
R7315,001
R7315,002
R7315,801
R7315,802
R7444,001
R7444,003
R7444,004
R7444,008
R7444,009
R7444,010
R7444,011
R7444,012
R7444,013
