fips,county_avg_bid_proxy,treatment,hhi
1001.0,841.362875703549,0,0.05830337596256396
1003.0,837.2078472912173,0,0.05749423449321883
1005.0,812.0907718272609,0,0.06304538346375996
1009.0,838.6910712783719,0,0.059578325750716414
1015.0,841.9211477874593,0,0.05560450528014394
1017.0,828.9694227647775,1,0.09331757466696665
1019.0,827.6122864897254,0,0.054212654309661525
1025.0,841.4971963569003,1,0.09732267312101034
1031.0,819.9269294017579,0,0.06326223256695104
1033.0,829.5027150167059,0,0.05392433072473861
1039.0,826.954712124534,1,0.10368642607396046
1043.0,831.1843328211934,0,0.050000231267186605
1045.0,816.0348408483576,0,0.060331252506132395
1047.0,811.8734034168564,0,0.06266352637026763
1051.0,837.2584293909091,0,0.060023668331367346
1053.0,842.4025919382458,0,0.059648579841918306
1055.0,831.1606711580749,0,0.05221503961041352
1061.0,816.8313401763769,0,0.06084755578956591
1069.0,835.1351324140477,0,0.05299245433100097
1073.0,840.7787948515276,0,0.05327360173072403
1075.0,831.0181957827119,1,0.09168887519196031
1077.0,832.6622315937939,0,0.05550513035334534
1079.0,830.2401999293537,0,0.04966146002767693
1083.0,833.7890825759101,0,0.04620314216056056
1089.0,835.8719008404149,0,0.04121311940461326
1095.0,825.6245204221407,0,0.05604443377217596
1097.0,835.4323935942404,0,0.06132954276316529
1101.0,845.4114080758409,0,0.05926407438417143
1103.0,832.7416694311977,0,0.0496917977113431
1105.0,831.4477995063603,1,0.11198813627291973
1109.0,842.2277823129252,0,0.06337085865368317
1115.0,840.2606340694579,0,0.05443121963365923
1119.0,832.9323047739488,1,0.1180430071658018
1121.0,830.8451763043698,0,0.05178368410555953
1123.0,833.7489950594612,0,0.05670704730240463
1125.0,833.0224435825991,0,0.05572829981595742
1127.0,837.4288147287604,0,0.05662984622728384
2020.0,857.4678645033985,1,0.11795102441515529
2090.0,857.09,1,0.11442898737800286
2122.0,856.4066326530613,1,0.10493963179147088
2170.0,856.1249805663521,1,0.11152189403372952
4001.0,832.9390292869709,1,0.10189333286465896
4003.0,783.3969238823637,1,0.0978666196488931
4005.0,838.417572815534,0,0.06082845157422507
4009.0,830.2415811396917,1,0.1407140822000104
4011.0,831.1462109575012,1,0.09272340744999735
4012.0,822.9236529641585,0,0.06313271132697715
4013.0,848.488340556157,0,0.03892174794490284
4019.0,832.4139866116955,0,0.06046196268221497
4021.0,834.2380097000723,0,0.058222510647514304
4023.0,809.3388363498203,1,0.12806841687645598
5001.0,802.3067723880597,1,0.18537718501709027
5003.0,799.6994650817236,1,0.12151448782266462
5011.0,795.6225214105793,1,0.10767460668598397
5013.0,793.153137697517,1,0.11821481159274932
5017.0,797.7644575670658,1,0.12830239740042138
5021.0,796.6927125884395,1,0.1385190480319743
5025.0,796.7207112332112,1,0.09603575987871635
5027.0,798.331154132539,1,0.1099592331903401
5029.0,814.0396514107612,1,0.09199473576524923
5033.0,826.5223433450462,1,0.09814427081575697
5037.0,800.3417433930094,1,0.12839205456545738
5041.0,792.8697930538061,1,0.12022757460707237
5043.0,801.3753331426938,1,0.10613878095975603
5049.0,814.3225983935743,1,0.15041088753581125
5051.0,810.6872284375543,0,0.060186401525817744
5057.0,824.5257525549705,1,0.09256147485844687
5061.0,823.709495699106,1,0.11333977247136594
5063.0,796.5773377001454,1,0.12438309364195475
5065.0,811.292321682585,1,0.1044783122021025
5067.0,797.5415658061787,1,0.10748857148098587
5073.0,795.6867159763314,1,0.1556587731678517
5075.0,801.2154435808095,1,0.11077776826503058
5079.0,791.5344647105472,1,0.1205175015490029
5095.0,796.532140516182,1,0.10129804106656999
5097.0,813.3213889901567,1,0.098063048082177
5099.0,795.4472566371682,1,0.11437177295638831
5101.0,813.4780392156863,1,0.10793675535028667
5109.0,789.8469822812847,1,0.10503712809459022
5117.0,796.7028873626373,1,0.12721754101983396
5119.0,811.9954031956738,0,0.05957000969697293
5121.0,810.9511233757163,1,0.1000486119556969
5129.0,812.8581833084949,1,0.12480957640695126
5133.0,824.5423535564854,1,0.11204940125154954
5135.0,801.8538071307302,1,0.10376763836114926
5137.0,799.6512804097312,1,0.12261467543304018
5139.0,799.8581045658862,1,0.093989901736185
5147.0,796.5004249596558,1,0.1872033794691585
6001.0,878.278746000316,1,0.10269917851698608
6005.0,867.3179152911165,0,0.062318557405920044
6013.0,874.2971779996117,1,0.09851278594989142
6015.0,833.9363019909324,1,0.09415776286260577
6019.0,836.4016730153052,0,0.0512543324205325
6021.0,850.9441410902427,1,0.09929615782974277
6025.0,754.3727777173913,1,0.10175899015909148
6029.0,844.6788634185878,0,0.05117008310880972
6033.0,867.0514738255034,1,0.09770369947203075
6035.0,848.2521256038648,1,0.12268735585509238
6037.0,869.2424104166913,0,0.045880570164526235
6039.0,850.7204222273596,0,0.06418361003672757
6041.0,892.1517571405682,1,0.12606965605036546
6055.0,873.9884799286771,1,0.10711708424749408
6059.0,847.1103832582066,0,0.04308587149711946
6065.0,856.236458898763,0,0.045607936721794355
6071.0,858.452922574376,0,0.05209701219361527
6073.0,847.1162718314235,0,0.051126937467115295
6077.0,852.4155366559892,0,0.060474610581875386
6089.0,859.8285383177571,1,0.09664065825178683
6091.0,849.06,1,0.10877196882288488
6095.0,870.8573494698838,1,0.14472680000282206
6099.0,848.5430813320428,0,0.051593548114041876
6101.0,862.9743624772311,1,0.09526556235878543
6103.0,860.2177933613838,1,0.09740806220533066
6105.0,834.9634724689165,1,0.0997546329472059
6111.0,844.8864412643742,0,0.0562519464202352
6113.0,864.2265551037905,0,0.051818666610445596
6115.0,862.3206662541253,1,0.09324689349245402
8005.0,843.7618531618525,0,0.05981050323466728
8013.0,839.3897077916263,0,0.05297551764732291
8019.0,828.6398187534677,0,0.05461184383816523
8025.0,843.9300000000001,1,0.11561623774899216
8027.0,837.4823149905124,1,0.09575610744182957
8031.0,838.8827447512551,0,0.051793428199916225
8035.0,845.5782262192178,0,0.05701411050754522
8037.0,858.0289330543933,1,0.09425412877270092
8039.0,833.3161053564127,0,0.05953185688860022
8041.0,809.6905418675507,0,0.06193925112032903
8047.0,833.3097403035413,1,0.09144704967637846
8051.0,852.0662105263157,1,0.1109942213026809
8069.0,818.875264721987,0,0.05919124045975503
8077.0,835.2124813610629,0,0.058573674705569505
8085.0,839.4489413710716,0,0.05922583517784866
8093.0,836.4895626685427,0,0.06163593059940921
8101.0,810.0198248213076,0,0.06119897041390549
8107.0,855.2062219286657,1,0.0933243642911245
8117.0,840.0870654095463,1,0.09331265211815708
8123.0,816.8425351396926,0,0.05550346174042563
9001.0,844.2997909947303,0,0.047427021417082556
9003.0,839.0516477948456,0,0.04347096934912581
9005.0,835.3241152903701,0,0.0435453814637094
9007.0,829.3705465458963,0,0.052553660106516235
9009.0,837.7436564396379,0,0.041175533712804156
9011.0,839.5233900953443,0,0.05113864433087547
9013.0,837.724909402295,0,0.06023927141349946
9015.0,841.3877364043004,0,0.056848048275012386
10003.0,856.381640609696,0,0.059350845268242136
10005.0,854.5191922934891,0,0.06319041909108129
11001.0,844.2070814941266,0,0.05930752695050648
12003.0,841.3638948693737,1,0.09233347503488022
12007.0,820.6187678524375,1,0.10276481402522472
12009.0,843.472293122642,0,0.04865436067569831
12013.0,825.4717384684282,1,0.1193638938409212
12015.0,830.7147790963583,0,0.03820650154372843
12017.0,823.9966059013058,0,0.04055417948028872
12019.0,842.4953051311423,0,0.05488029552340526
12021.0,826.2748396053601,0,0.05312047188958033
12029.0,820.8705578876101,1,0.12723168903748888
12031.0,842.7552638749434,0,0.05001672008247707
12033.0,809.4206183092489,0,0.056476295094956795
12035.0,841.8065996270934,0,0.04374984005332204
12037.0,818.6703413033285,1,0.09354118079262755
12041.0,817.9928778814708,1,0.09715927635362244
12045.0,814.2748611925708,1,0.10558724589068408
12047.0,823.3339385309126,1,0.11575411727773355
12049.0,822.0839385705847,1,0.0925966817317919
12051.0,820.3506413071227,1,0.13621601640659883
12053.0,840.5467552674314,0,0.0379129793922428
12055.0,820.6872126745044,0,0.056754366671316184
12057.0,849.9965483956438,0,0.03704045643662946
12059.0,814.6927852983438,1,0.12247259187827331
12061.0,831.2768605419695,0,0.0522774139569949
12063.0,797.5227232809608,1,0.13141109583101454
12065.0,838.9292689822295,1,0.09602167791499888
12067.0,818.7181999275625,1,0.1189365296285201
12069.0,827.7510976492808,0,0.04160175985954429
12071.0,829.0453409038942,0,0.04359937551647357
12073.0,844.6957489609176,1,0.11132712381508948
12077.0,833.7629367469879,1,0.10516337450954608
12079.0,818.1874133006936,1,0.11269161309757751
12081.0,835.832082546145,0,0.035850787446158355
12083.0,834.4301108673762,0,0.0417726600472655
12085.0,832.2029887440374,0,0.05465730414117649
12086.0,994.5871783899315,0,0.05406985000861778
12087.0,813.1855271091322,1,0.09945391339836784
12089.0,839.2712847072563,0,0.061505272418454854
12093.0,839.031211726211,1,0.09855156421307153
12095.0,830.2014349408125,0,0.037579556616249996
12097.0,837.3830703663924,0,0.033241072224605886
12099.0,862.8089744456356,0,0.054213543516132674
12101.0,846.788650017859,0,0.04168614907985744
12103.0,844.0173859143579,0,0.039960678196786156
12105.0,853.1092408356343,0,0.034829675585843226
12109.0,834.944580111671,0,0.053382928356374884
12111.0,834.2730840160896,0,0.04477223689551122
12113.0,806.5399094202899,0,0.053956017657404105
12115.0,837.2621882796734,0,0.04145446999342532
12117.0,823.1230757020143,0,0.04124913528217586
12119.0,823.528247962696,0,0.060864087883969464
12121.0,823.647396766825,1,0.09928271523806013
12123.0,808.4497515656185,1,0.117649733248888
12125.0,820.6956085079163,1,0.13020311270929447
12127.0,845.5750070970695,0,0.0506761552504279
12129.0,842.5084931922166,1,0.10616764184933546
12131.0,818.539845680975,0,0.06457555944811232
12133.0,816.0953628174653,1,0.12539922106728255
13001.0,825.5801929216765,1,0.0922635586571185
13003.0,829.9341726885306,1,0.11529830092414323
13005.0,828.5398806350678,1,0.10691149639276992
13007.0,827.5927027936722,1,0.11499367388798365
13009.0,836.3362737010323,1,0.12154810776350512
13013.0,810.2455458384655,0,0.053367564676713136
13015.0,816.8838632219248,0,0.05800769965333088
13019.0,828.488650983809,1,0.0974516484082697
13021.0,821.3711191233014,0,0.055789466893332876
13023.0,829.3340912077803,1,0.11457593377984403
13029.0,807.7919965893282,0,0.060741321298856614
13035.0,812.5096911693743,0,0.05266427578651634
13037.0,829.9216870777026,1,0.11860667645935244
13039.0,824.0880477178424,0,0.05460941390167213
13043.0,825.0957013338891,1,0.10971154072238332
13051.0,805.5877464459488,0,0.04819533973820636
13053.0,801.8794871794872,1,0.117965183115643
13057.0,805.5208815877762,0,0.04208842451439583
13061.0,825.6786802677717,1,0.10005106883882742
13063.0,798.9280866038878,0,0.042298753825442854
13065.0,829.5824961568026,1,0.11205095046816756
13067.0,808.8487266904775,0,0.04408916211542411
13073.0,802.8366108703233,0,0.05268889162818293
13075.0,826.2498427599154,1,0.1064741732133209
13077.0,817.980380246323,0,0.05463138499280693
13085.0,819.2872979913261,0,0.062043622030433745
13089.0,801.0380496324946,0,0.040299173948571854
13091.0,831.7983420569642,1,0.10247674327275788
13097.0,811.3458062102891,0,0.046936946603171735
13101.0,829.8753819683413,1,0.12931026282427335
13103.0,819.5396668456301,0,0.062063819166397374
13107.0,826.7339860912818,1,0.09354802551483463
13113.0,819.0959991810457,0,0.05455098999228541
13117.0,812.6842048270165,0,0.04981676433844947
13121.0,803.1030736304612,0,0.03998516527215497
13125.0,829.6406722222221,1,0.12296803828450092
13127.0,815.5384834752715,0,0.05956002404577663
13131.0,826.9623061668682,1,0.09240643928275584
13133.0,818.1692868892114,0,0.05937302450340561
13135.0,809.4201539381143,0,0.043858568543411934
13139.0,816.7149791215107,0,0.060639474636923596
13145.0,812.9032349850797,0,0.0646331015950728
13151.0,806.8947027850571,0,0.0418752780831171
13153.0,817.3706932887187,0,0.062423389330977255
13157.0,820.4180052653667,0,0.06017045645301209
13161.0,823.7451237648975,1,0.10617555424900964
13167.0,828.240306630893,1,0.09420782630711372
13173.0,822.5730436556508,1,0.15930399823785452
13179.0,799.7630578039409,0,0.06400720474629372
13183.0,825.1855305466237,1,0.09977072135026724
13187.0,814.0530820898887,0,0.06396024204256036
13189.0,807.7695318021201,0,0.059101835677141334
13191.0,806.7439659640031,0,0.06384860801697725
13199.0,821.6275316410183,0,0.06232063013044834
13201.0,827.5979475308643,1,0.10284740694343478
13207.0,830.1329475827873,0,0.06297339090475272
13209.0,829.8888638631504,1,0.13036654190713987
13211.0,819.1986045517175,0,0.06264602814586684
13213.0,822.3977740473393,1,0.11213618504490455
13215.0,803.6085080752734,0,0.05848210325705499
13217.0,813.4040533333333,0,0.059742959630923874
13223.0,809.1735486951331,0,0.044181692991792074
13227.0,817.8962313234512,0,0.06203219298993631
13233.0,815.2182809654574,0,0.06022848457116454
13235.0,826.3478446405323,1,0.09750767478753232
13237.0,821.7842204178451,0,0.06324953848866877
13243.0,825.0959316810068,1,0.09272591940217766
13245.0,797.9236478433437,0,0.053291321938377975
13247.0,817.0645551553955,0,0.06058758075074662
13249.0,825.6252595155707,1,0.10008995572487957
13255.0,814.0468273504755,0,0.04996714066213166
13259.0,803.1386934244235,1,0.09246460264358469
13265.0,828.7703026196928,1,0.10609197413617379
13267.0,831.2929571595266,1,0.10149505870558673
13269.0,824.7148880020598,1,0.09418511731102158
13271.0,830.548088764045,1,0.1154139044522518
13273.0,821.6369966531618,1,0.09196843958266755
13279.0,828.8565055054601,1,0.11216759131460552
13281.0,827.1267109080807,0,0.06283759713196874
13283.0,830.7702485718696,1,0.09622166856721324
13287.0,828.5395175569481,1,0.0930448316876909
13297.0,811.5921240438504,0,0.04623488822570842
13307.0,821.3997461928934,1,0.10683340485569352
13309.0,832.277344461305,1,0.1264111001385175
13313.0,824.2863342608607,1,0.10298756383235372
13319.0,830.009878563886,1,0.10165170891433901
15007.0,769.2014638333477,1,0.11009522316881605
16001.0,825.4245198333493,0,0.0599600607066327
16003.0,740.9201960784313,1,0.12723393311057082
16005.0,821.081822202759,0,0.054885421720148146
16009.0,858.67,1,0.14615125526578518
16013.0,799.182430112516,1,0.10347037768364922
16025.0,796.26,1,0.3480662481076191
16029.0,858.67,1,0.11920807412220069
16031.0,801.2747419189328,1,0.11165480880433935
16035.0,858.67,1,0.11860434597547086
16041.0,764.57,1,0.11811831631577337
16045.0,804.0627356769752,0,0.05902376672668764
16047.0,797.5346049993316,1,0.14574385697649914
16049.0,849.06,1,0.145033642527172
16053.0,796.9470469436523,1,0.12319083155405354
16055.0,826.6772089306806,0,0.05631203001012315
16057.0,844.8271952170523,1,0.0970003439907603
16059.0,858.6699999999998,1,0.11429062483553817
16063.0,797.4141176470588,1,0.1317691020842592
16065.0,820.5304307692306,1,0.10468261827730706
16067.0,801.7172363874103,1,0.12755816562023112
16075.0,825.9514441151566,0,0.06206427870988566
16077.0,827.4832952924394,1,0.1035198073151815
16085.0,799.4491046831955,1,0.1705074843791904
16087.0,747.0603662381761,1,0.12047993218003235
17001.0,838.0257013223717,0,0.062449074709235865
17003.0,843.5492475884245,1,0.10822075704420141
17007.0,837.0137629331701,0,0.04681528488100399
17013.0,845.1618409425627,1,0.09374244358040673
17015.0,833.7034764729143,0,0.05332330602393071
17021.0,833.0241710875331,0,0.058509630804747345
17025.0,849.8021565362197,1,0.09356114829231771
17031.0,842.8632929812627,0,0.03807719523107525
17039.0,827.1255727520436,0,0.048566038433604644
17041.0,824.2568113433633,0,0.05588376219702425
17043.0,834.592458933515,0,0.04573658775930716
17047.0,849.06,1,0.15946992621280187
17057.0,835.104371270157,0,0.055405647307306446
17059.0,845.796451048951,1,0.1036024816023598
17063.0,846.9006351362151,0,0.054034029662249884
17065.0,851.7071311078857,1,0.09185064902207826
17069.0,844.1631765507839,1,0.10393946543365806
17073.0,842.5260422722703,0,0.06127995549854343
17075.0,833.513409634438,0,0.06138464523441309
17077.0,844.5452587483438,1,0.09856428513836331
17079.0,831.6042050040355,1,0.09751598702870602
17083.0,842.2823934339422,0,0.05963873572409227
17085.0,844.603960817717,0,0.058804190540073985
17087.0,847.272578018996,1,0.09575648503598805
17089.0,842.7220371849278,0,0.04275389138908167
17091.0,846.4580598225601,0,0.048710467901806574
17093.0,849.9929687619144,0,0.05201066958932525
17095.0,829.0420745815453,0,0.05367817081156208
17097.0,853.5387924303872,0,0.05513533020283732
17099.0,838.4584168697949,0,0.05836100564827904
17101.0,845.2601570680628,1,0.09408262674399458
17103.0,836.8951472692582,0,0.06300524977564408
17105.0,838.4238352695858,0,0.054190495875324145
17107.0,836.272642454242,0,0.06437984079552497
17109.0,839.9949257467043,1,0.09250606748307183
17111.0,852.2042600016653,0,0.05691368875559074
17113.0,828.8151859759108,0,0.05119665378381606
17115.0,824.6475557503697,0,0.060897785550395295
17119.0,840.0657809562694,0,0.047500951838234474
17121.0,846.420097588978,1,0.09291100194892567
17123.0,834.227119515885,0,0.06012623607500345
17129.0,835.6657349917763,1,0.09589245871230556
17131.0,840.5555096731156,0,0.06448104415009691
17141.0,830.0554003073493,0,0.05663799939759714
17143.0,828.3475613731703,0,0.045900495091752494
17151.0,847.0459999999998,1,0.13042313466555888
17153.0,846.306072555205,1,0.12109651037527569
17161.0,837.7477016963794,0,0.06487279415845006
17163.0,837.036948091989,0,0.06163228623077521
17169.0,843.2765818058384,1,0.10027657477421786
17175.0,829.6095990129551,0,0.06326375845229151
17179.0,826.2026746382822,0,0.04610680490549818
17181.0,845.0121586012597,1,0.09868809509265371
17183.0,824.2510993154497,0,0.04423745732556984
17185.0,849.7973246858531,1,0.09777520477509313
17187.0,836.0239166769079,0,0.057178707272350214
17191.0,849.8679710600817,1,0.10949139147357972
17193.0,843.3823500533618,1,0.09641322039966771
17197.0,842.9918741589057,0,0.04187805145874546
17201.0,830.4841358663825,0,0.04600171056708541
17203.0,830.2799096958174,0,0.05483339272003897
18003.0,843.0659614497484,0,0.051665749654219405
18009.0,828.3965736202856,0,0.055992698778667895
18011.0,836.0302322495023,0,0.051273857533032284
18013.0,826.3663591109865,0,0.0483719390159759
18015.0,821.0532392418451,0,0.054523219271167496
18017.0,835.7922108929168,0,0.06441308038980016
18019.0,837.5778855922845,0,0.049635083505257804
18021.0,820.3791205698708,0,0.05268938473169184
18023.0,817.1944264057629,0,0.057358057342309685
18027.0,812.2476437674852,1,0.09394940213336316
18029.0,833.2510077865713,0,0.051544613221259805
18035.0,825.4628815774681,0,0.05379981234811297
18037.0,827.8054493098997,1,0.0970587843408044
18043.0,837.4220092937704,0,0.049792809985192636
18045.0,824.8814014775609,0,0.06086465204889002
18049.0,836.8898078052426,1,0.10524419412533752
18053.0,829.0978358947432,0,0.06022716213453484
18055.0,816.6576209472076,0,0.06430978403718586
18057.0,837.063441425384,0,0.04827281918640008
18059.0,839.3269777924,0,0.047394673978703304
18061.0,834.127550255709,0,0.05888025909775904
18063.0,835.6331919556145,0,0.04750584727827254
18067.0,835.4975706605222,1,0.13602341606182772
18073.0,842.8437990347729,0,0.06014252907641527
18077.0,833.8623567422579,0,0.06098057200021505
18081.0,837.9165004444172,0,0.04510561899497772
18089.0,857.5818155106489,0,0.058128843727209674
18091.0,840.9143902253495,0,0.05505189135203524
18093.0,823.3366532299741,0,0.06269973571856631
18095.0,842.0239778661464,1,0.10341818928575666
18097.0,838.4707691689853,0,0.04305161807772775
18101.0,812.6748551263001,1,0.0936076407956567
18103.0,831.5115170497876,0,0.05881249660832947
18105.0,824.3894981470044,0,0.05643966987719499
18107.0,829.3242698491044,0,0.0556970265018156
18109.0,835.5870595882991,0,0.04778144635246692
18111.0,839.4355702877806,0,0.05908948337912578
18113.0,834.6587394342623,0,0.06150800975289449
18115.0,829.006166763173,0,0.06271231583200204
18119.0,824.7632417349536,0,0.05446302386334556
18121.0,812.3848452394964,0,0.05910713983049724
18123.0,820.9438944,1,0.09676532232050804
18133.0,834.6376514419205,0,0.045798071989500845
18135.0,819.0250561617459,0,0.0621873833251355
18137.0,825.3768352949274,0,0.06322363298848668
18139.0,820.9914616497829,0,0.058719782695011755
18145.0,831.7889337509789,0,0.050005993198088516
18149.0,827.5653435163291,0,0.05618924692629418
18157.0,818.3136114496422,0,0.05163236788922548
18159.0,829.8711394943331,1,0.11372999724088986
18163.0,851.3611681830804,0,0.05776324248588056
18167.0,830.9796154369417,0,0.05218552774503047
18175.0,824.3506660252299,0,0.06292451057842809
18181.0,816.1023024502298,0,0.062126498623638504
18183.0,840.6546642668924,0,0.06167246703984188
19001.0,803.3090714722052,1,0.1541804092507089
19003.0,825.05,1,0.32701052467786274
19005.0,811.0076924639447,1,0.11119463771185607
19009.0,825.05,1,0.1669657793442556
19011.0,803.9054006538323,1,0.09894186625460763
19013.0,828.7195877891132,1,0.09603690989975429
19017.0,834.4047041225829,1,0.10680576045651759
19019.0,826.4157190683096,1,0.09610355843882959
19021.0,811.9944392523365,1,0.13274844065039762
19023.0,825.8479876717605,1,0.10912146872569814
19025.0,814.4245013850416,1,0.1662748627617904
19027.0,801.3742630385487,1,0.13815988890116399
19029.0,803.6012555187639,1,0.1433213153089843
19031.0,801.1314314743735,1,0.1194677617339492
19033.0,809.4112921960073,1,0.120860323699647
19035.0,809.1142528735633,1,0.11247366234548967
19037.0,833.69418480336,1,0.12153209334401983
19039.0,802.5964722333199,1,0.12917352905898738
19041.0,819.8122985074626,1,0.13761182387093687
19043.0,826.0995891364901,1,0.09640434794596933
19047.0,806.5303374320846,1,0.13089749921928892
19051.0,827.592640625,1,0.10237735046987168
19053.0,805.4591883264935,1,0.1104731967811478
19055.0,807.3594611683849,1,0.10484110841957126
19059.0,813.009980047885,1,0.15337348239513382
19061.0,857.9870793450881,1,0.09929717988949757
19063.0,832.7507549668875,1,0.14941179804097346
19065.0,817.4403882304863,1,0.1207902842412333
19067.0,829.654630602782,1,0.10623614870965518
19069.0,795.4780991735537,1,0.14930882166788947
19071.0,806.6259959959962,1,0.12954185605381258
19073.0,798.5311634212472,1,0.11473050448557419
19075.0,821.3192015325669,1,0.13359806767828883
19077.0,808.1506479859895,1,0.1106751548539374
19079.0,805.3188692825632,1,0.11119414319787183
19081.0,819.4084210526315,1,0.18351566757667226
19083.0,798.9145265107663,1,0.1262172115035226
19085.0,808.843316448947,1,0.1262590059404904
19087.0,805.6962249941162,1,0.12329188610986486
19091.0,832.0325524769102,1,0.177921217287207
19093.0,805.5427473958334,1,0.09928875153323553
19095.0,798.8477885178675,1,0.1201547823422958
19101.0,799.3954214409042,1,0.12793026440647218
19105.0,801.893681847938,1,0.09669275606655181
19107.0,803.3846045503791,1,0.13358746749844333
19109.0,834.75,1,0.16214216883284333
19111.0,833.3127055355388,1,0.10228978771495842
19115.0,810.8933813987023,1,0.12640771405469306
19117.0,803.55042985843,1,0.10859302018688015
19119.0,802.1234887737478,1,0.21970160035685127
19121.0,805.9676619419791,1,0.10747762297491782
19123.0,805.5940846612335,1,0.11599251469299543
19125.0,805.5734535559451,1,0.11462316018547919
19127.0,795.1185101641483,1,0.09640984206406474
19129.0,808.483032069971,1,0.10047172274519106
19131.0,776.8,1,0.1856049314733655
19133.0,803.7542416792737,1,0.10768909378838831
19137.0,799.3593537414966,1,0.12497231584644397
19141.0,803.464274150027,1,0.1488315424996966
19143.0,809.9513196480939,1,0.16995340368945366
19145.0,810.222206273259,1,0.12343559287096993
19147.0,834.75,1,0.16046145836956202
19149.0,801.082842430484,1,0.13481445094657357
19151.0,828.2221170395869,1,0.22885828659224847
19153.0,806.6105898880262,0,0.05620362247742834
19157.0,808.8658112236694,1,0.11128566059218385
19159.0,806.6762306368331,1,0.13879167638680465
19161.0,827.3006935687263,1,0.16572371078418346
19163.0,805.8300651155558,0,0.05541874124369422
19165.0,804.0755642458101,1,0.1421483906982133
19167.0,806.7365368639666,1,0.19736919561476363
19171.0,812.5633195786729,1,0.09201786439487696
19175.0,811.6549350649352,1,0.12545897427113775
19177.0,806.7676240208878,1,0.12061453315271463
19183.0,799.1067309520577,1,0.1454293911598064
19185.0,804.1146581691773,1,0.12834150773096178
19187.0,807.8193367475444,1,0.0970543744951792
19189.0,805.1726091476093,1,0.1758647891293679
19191.0,820.7962902338376,1,0.12999054665900578
19195.0,807.603643013899,1,0.17286484695680696
19197.0,810.9871020925808,1,0.16939904527069696
20001.0,846.0311803278689,1,0.15077764078520312
20003.0,850.9874644351464,1,0.16390065028903728
20005.0,848.0978257739382,1,0.093375606405369
20007.0,874.83,1,0.15440065045127246
20009.0,853.258526946108,1,0.12344288167104762
20011.0,843.8039504165821,1,0.10908409877049413
20013.0,844.1593846153846,1,0.1642131219453837
20019.0,857.6161538461539,1,0.19701778823606536
20021.0,818.557795311091,1,0.11466862111307956
20023.0,830.27,1,0.2217518832001373
20027.0,857.9150052576234,1,0.14255436591552245
20029.0,854.2912110091743,1,0.1763186779366534
20031.0,863.7390217391304,1,0.14412726595284361
20035.0,844.7480202063629,1,0.11593379290531267
20037.0,823.6119437301468,1,0.10220293075492286
20039.0,830.27,1,0.20360471738543834
20041.0,804.1934758364313,1,0.1702559566961846
20043.0,849.49,1,0.14424017358842806
20049.0,862.307420289855,1,0.12007490759325266
20051.0,841.7674050632911,1,0.10847367809264344
20053.0,874.83,1,0.15004363601641488
20055.0,846.0445201465202,1,0.11548702893207297
20057.0,864.167714528462,1,0.12547913202868421
20059.0,846.2379197482296,1,0.10020701841567065
20061.0,836.3638201847904,1,0.10538999715439071
20063.0,853.12,1,0.19591306635033476
20065.0,843.4366158536584,1,0.22209375328410622
20067.0,857.09,1,0.14600018083003358
20069.0,874.83,1,0.2269823952962253
20073.0,831.2994959349594,1,0.14708079215211617
20077.0,874.8300000000002,1,0.19686807234292808
20085.0,831.9128670689339,1,0.09686868513367806
20089.0,853.12,1,0.23242672249323346
20091.0,848.3154727139581,0,0.06276896971064946
20095.0,742.22,1,0.13853480944414756
20099.0,822.2240209916758,1,0.12257125720832719
20107.0,847.5982363779942,1,0.12750929027320315
20109.0,830.27,1,0.18787080958277483
20111.0,819.2403311702843,1,0.1304578316862482
20113.0,841.4493361884369,1,0.11516165642368908
20115.0,745.7876000000001,1,0.17534377252315322
20117.0,840.6861145194274,1,0.16125220463417594
20123.0,853.1200000000001,1,0.18074001581541269
20125.0,820.9533329104288,1,0.10060110580948046
20127.0,742.22,1,0.1620746545874913
20131.0,838.5920923076923,1,0.1771560649128819
20133.0,844.719567600487,1,0.14590285423547908
20137.0,853.12,1,0.1524204719188049
20143.0,831.41,1,0.1532665180552461
20145.0,874.8299999999999,1,0.17917722509107983
20147.0,841.2143365695792,1,0.1963322431026593
20149.0,825.1940476821193,1,0.09890167265130347
20151.0,874.83,1,0.12021556820281241
20153.0,830.27,1,0.17046591995355564
20155.0,843.3011060311285,1,0.0956803618896031
20157.0,830.27,1,0.20014713903174458
20159.0,823.011806722689,1,0.12740189782485212
20161.0,841.379958725063,1,0.10041973627285604
20163.0,830.27,1,0.25835005297944763
20167.0,874.83,1,0.23734295585484338
20169.0,843.6951867532224,1,0.11156931049131368
20171.0,830.2700000000001,1,0.12649906416313256
20175.0,872.6390825688073,1,0.1219705806171191
20177.0,833.7822351006595,0,0.06485264732520654
20179.0,830.27,1,0.19666261518193762
20181.0,874.83,1,0.15958958155513184
20183.0,853.12,1,0.36673822775843473
20185.0,874.83,1,0.15230037456744913
20189.0,853.12,1,0.15703438790276592
20193.0,830.27,1,0.15363973198074593
20197.0,821.797366751269,1,0.10833255422387768
20201.0,839.8780862533694,1,0.16890313906682825
20205.0,842.6769019607842,1,0.14581225043915624
20207.0,853.12,1,0.206202217203534
20209.0,838.3498280351248,0,0.060156720421763
21003.0,820.2537763457163,0,0.06417262879920646
21011.0,837.3200502255896,0,0.06239508665780093
21015.0,841.0088418293158,0,0.05552495941899283
21017.0,837.7933453626849,0,0.053609249512177465
21019.0,818.5534383540453,0,0.054365352231738835
21021.0,827.5503881645783,0,0.06035983039428132
21027.0,820.4441330868763,0,0.06298645340336363
21029.0,847.0818854290469,0,0.04517489974210002
21035.0,831.9911461199262,0,0.05545013106423622
21037.0,841.3348589326171,0,0.04882926665848468
21041.0,817.689643848847,0,0.048843323234643
21043.0,818.9319340948236,0,0.060559656667147146
21047.0,826.9915594286925,0,0.0598019709022543
21049.0,837.0473750286632,0,0.05183059093103376
21057.0,826.6204699911738,1,0.09318663981650441
21059.0,826.4189631079221,0,0.0539882273112734
21061.0,822.529456276879,0,0.06464242710258145
21065.0,815.6342125432283,0,0.0616353247084799
21067.0,836.7273077558541,0,0.049624410618805126
21073.0,841.0165027996729,1,0.11950894226039065
21077.0,818.3247638603697,0,0.06115842483978184
21079.0,810.8868245806289,0,0.06422052131898588
21083.0,834.7179789137381,0,0.053006959486774044
21085.0,819.6557577264655,0,0.06340883219630054
21089.0,820.9216278310105,0,0.055998055197331156
21093.0,840.601933796502,0,0.044055394265169974
21095.0,816.5214454678143,0,0.062715753583459
21101.0,839.9247549812886,0,0.056299126236834696
21103.0,843.8841423968665,0,0.05622553666206145
21107.0,812.7346213439254,0,0.05533270373847812
21111.0,846.7122094075672,0,0.03836094267327541
21113.0,837.6079364058019,0,0.05461530365975282
21117.0,841.5037725804389,0,0.05130022991855101
21123.0,824.3511765370705,0,0.0548753763144492
21125.0,814.9306596755863,0,0.06325058619045147
21133.0,815.607207704377,0,0.06382732854195947
21139.0,826.543057783598,0,0.06160625953171466
21145.0,834.8576969172524,0,0.051573611786713186
21151.0,838.4468677464967,0,0.053798028733072524
21157.0,826.7394603737779,0,0.05478266174559568
21161.0,813.3278071575108,0,0.0591807852089152
21163.0,825.6491940277385,0,0.04661587138922928
21173.0,836.598969769456,0,0.057638809330903276
21177.0,808.0230996748052,0,0.058686910494009745
21179.0,839.2333526437396,0,0.05583478067883597
21185.0,848.3906104216936,0,0.04765217475551262
21187.0,819.677199831188,0,0.06451933454158412
21189.0,823.9257820607857,1,0.09463982672859887
21195.0,822.8772971568709,0,0.06340204009525578
21201.0,820.6025498281787,1,0.09791235294731075
21209.0,837.7096507297156,0,0.05284491164341988
21211.0,842.6857524594955,0,0.05819917055824893
21213.0,822.1240672063254,0,0.060512329691796096
21215.0,844.6275956745797,0,0.059069441366277634
21223.0,822.2862554517135,0,0.05293252469135802
21225.0,829.1122685355957,0,0.06367333572815856
21227.0,830.3530734668374,0,0.0541662030246175
21233.0,835.9707327458163,0,0.05723094725568895
21235.0,818.6367827536296,0,0.06045642646544804
21239.0,838.7794674397173,0,0.06361031162115978
22001.0,794.1113028301887,1,0.09947327982945978
22005.0,794.0115298836744,1,0.1525274115659863
22009.0,845.2254264532213,1,0.1051804020556702
22021.0,846.5680140303991,1,0.09304926168369011
22025.0,834.7750155698568,1,0.1277663992569416
22029.0,836.9687395377889,1,0.09265460863942092
22033.0,795.2346765067888,1,0.09710013172890586
22035.0,876.0162833417211,1,0.12503853485341726
22037.0,788.9345719919208,1,0.11353644900691692
22039.0,832.0398692033294,1,0.13638778516322053
22041.0,842.15881948168,1,0.09775431301621708
22045.0,815.4633328637341,1,0.10364546949895967
22047.0,794.4851873556653,1,0.12356343019324209
22049.0,826.8545376730424,1,0.09676421907079147
22051.0,785.38574266453,1,0.1530864732698619
22053.0,820.1832548267835,1,0.10914046986753771
22059.0,851.9450977165193,1,0.11730002338658609
22063.0,791.4245065265372,1,0.17571274681119972
22065.0,845.871788643533,1,0.14398219384098546
22075.0,795.3104024074154,1,0.12688027981824893
22077.0,785.1520447920894,1,0.13962673007431448
22083.0,848.4761359206848,1,0.10399846971898362
22089.0,783.56994721398,1,0.14920889117714997
22091.0,793.8239156920079,1,0.09453448559132882
22095.0,792.8633606496587,1,0.11040567908196504
22097.0,800.131656745102,1,0.09517317266038967
22099.0,805.0125381523117,1,0.09377266709096607
22103.0,815.1747999399248,1,0.1118557379212144
22107.0,836.3182160466157,1,0.14475498860041414
22113.0,805.0896809289673,1,0.09966422985708485
22115.0,826.4369722222223,1,0.09139239457194723
22117.0,820.7932588052284,1,0.09941848896740371
22121.0,794.464370039864,1,0.1385987526416123
22123.0,876.2386625950394,1,0.11656963150097911
22125.0,783.7668101469238,1,0.11914837238486685
22127.0,867.4149559886828,1,0.0939690885680999
23001.0,805.3774875550324,1,0.10827923725198335
23005.0,814.3820611028215,1,0.09283897728491153
23007.0,801.8786901230578,0,0.06352634859545267
23023.0,807.1229514873434,1,0.10862076541939146
23029.0,818.0207058006251,1,0.10152191383970585
23031.0,814.7486572555625,0,0.06325051687332697
24003.0,918.3354332043176,0,0.05702175334001855
24005.0,937.8941299116613,0,0.05509020950456376
24009.0,898.8248643067847,0,0.06042095094588777
24013.0,903.8278108030867,0,0.06337329849192348
24015.0,909.1504632978724,0,0.058690657419455255
24017.0,925.2149009284963,0,0.05224426556523552
24021.0,901.6173679577464,0,0.059223777009428345
24025.0,927.470711483069,0,0.05444023917053961
24027.0,919.0343144719544,0,0.0506697955431301
24029.0,902.4825743616741,0,0.055584273010166343
24031.0,911.6101366350503,0,0.053465763048574116
24033.0,898.8421166311169,0,0.042940738246593224
24035.0,908.1517152013375,0,0.06234772708444875
24043.0,898.9894089021064,0,0.055246240835645236
24047.0,901.8383326247767,0,0.05978355906567423
24510.0,979.84475971316,0,0.05345499204194948
25001.0,845.1327441618196,0,0.04582213868412463
25005.0,837.5967466654738,0,0.05212959490364072
25009.0,845.9647659103001,0,0.04433214050800812
25011.0,832.8545870595653,0,0.05769192764832304
25013.0,841.2496379354618,0,0.04373226496341076
25015.0,835.791149993851,0,0.06375150169141632
25017.0,846.9204849157729,0,0.03946735581224138
25021.0,845.7047651292736,0,0.042814322236429614
25023.0,844.4452183565035,0,0.04694178582294766
25025.0,846.2072240964029,0,0.05041118222499559
25027.0,838.4106840409154,0,0.033615384532915106
26003.0,835.3207541199736,0,0.0644345723643807
26007.0,833.4286854320145,0,0.05852800509983352
26009.0,832.4105530578513,0,0.05892638915923326
26015.0,829.4277492553251,0,0.05906356424972047
26019.0,830.3686271611573,0,0.056257109072961754
26021.0,837.9668446040997,0,0.04595339595779245
26023.0,836.5603947651488,0,0.048171382583312994
26025.0,831.9295327046599,0,0.0429413291895433
26027.0,836.4216848893307,0,0.05163970169234407
26029.0,833.0680316997631,0,0.060046484375254464
26031.0,833.6794489233934,0,0.0551885171866342
26039.0,833.9707717535414,0,0.05982529847828561
26041.0,831.4317560424115,0,0.06167062914322885
26043.0,830.2087029350002,0,0.05385189934023392
26047.0,832.0161503116766,0,0.05109325626716792
26049.0,827.0510399771107,1,0.11322931265516514
26055.0,830.1214238742984,0,0.044723798926289596
26057.0,836.4482939704625,0,0.06035618488940496
26059.0,831.9533408787194,0,0.045695052652741916
26063.0,836.5532494927587,0,0.05611290448136471
26065.0,839.2615539595856,0,0.060277319410493885
26067.0,834.4429012368676,0,0.0596853156592954
26071.0,832.7153434668226,0,0.05524020035406222
26075.0,833.8358786692419,0,0.0426394962835795
26077.0,834.2781676991307,0,0.04321325287040089
26079.0,828.5647053265621,0,0.047262874360252075
26083.0,836.5593515930689,1,0.11164834156801397
26085.0,825.6273421903052,0,0.051710384392951655
26087.0,833.9303324800167,1,0.09774633057010858
26089.0,831.710225606317,0,0.04861603882383283
26093.0,836.9286332235217,0,0.05187032745225295
26095.0,835.5737924151697,1,0.10747975497603326
26099.0,832.7813547600362,0,0.04969113105737704
26101.0,828.627336783001,0,0.04276437035378022
26105.0,834.612745920746,0,0.05012459372366962
26107.0,829.0951087712788,0,0.059476472237559246
26111.0,844.8823142663733,0,0.05885881989674664
26113.0,832.5611028166846,0,0.05814689541914091
26117.0,831.7492514210622,0,0.04494787822283593
26121.0,824.8665438654615,0,0.03719734134748436
26125.0,834.0723632990961,0,0.05194746174596887
26127.0,832.3456147759013,0,0.04415976255076235
26133.0,830.9781336889752,0,0.05383564226727112
26137.0,837.2435170727521,0,0.05959682268052759
26139.0,828.9707472976518,1,0.092718304909645
26141.0,841.5898997740571,0,0.05716596798795525
26147.0,834.3275134727579,0,0.05191898760498109
26149.0,832.5466231483217,0,0.04745282616844119
26151.0,834.5994604111927,0,0.0586462538333837
26153.0,839.1648066771295,0,0.05819332836855885
26157.0,831.059301112536,1,0.09131425716027203
26159.0,833.2461866388624,0,0.039677442711954364
26161.0,835.4207463589495,0,0.05543646384741805
26163.0,828.1498393354133,0,0.04831064069552292
26165.0,831.4471154098793,0,0.049087442669847776
27001.0,836.2693029706514,0,0.0485202606148769
27003.0,836.7913185562576,0,0.03647918732474832
27007.0,837.588231668165,0,0.06270433848776297
27009.0,838.8172884054125,0,0.058733417427155724
27011.0,887.4003568657874,1,0.09666108587785885
27015.0,823.127118223692,1,0.10038009762971033
27017.0,836.6212280935563,0,0.05586427250807163
27019.0,834.4760939410405,0,0.04563261348112859
27021.0,829.3270421260052,0,0.05525110118358957
27023.0,851.5371017630682,1,0.09125256574016222
27025.0,835.1691218645072,0,0.040919330269128536
27033.0,827.5183029744062,1,0.11771502186977147
27035.0,830.5281562798308,0,0.05886302505856894
27037.0,836.7943180559146,0,0.03971768936161004
27039.0,826.7639827373611,1,0.09671594647211912
27041.0,844.760246687651,1,0.09235528033835973
27043.0,833.9617999590919,1,0.09464121930180386
27049.0,827.2293297491038,0,0.06283351684368887
27051.0,848.691607973422,1,0.09827800065131499
27053.0,836.0938379956416,0,0.03694861578010401
27055.0,800.9314788494077,0,0.06134357814570887
27059.0,833.8834613836332,0,0.0430353273550737
27061.0,825.1223859297442,0,0.05879639581173939
27063.0,838.3845301306364,1,0.10342785298459278
27065.0,827.5897816171388,0,0.04916434547226516
27069.0,844.5880211335253,1,0.10951963955042687
27073.0,853.9331744471745,1,0.13521757210457935
27077.0,839.9470967741935,1,0.1512562565792824
27081.0,851.4493755912961,1,0.12391376057220178
27083.0,845.036767068273,1,0.11278549417697534
27091.0,833.3266962984553,1,0.09588721330932862
27095.0,833.9020838454186,0,0.0424068288509248
27101.0,840.6624375851112,1,0.11785166393413421
27105.0,848.3799439551641,1,0.10474719958354911
27113.0,841.938622159091,1,0.09841317555555175
27115.0,833.9215046359421,0,0.041536340361039495
27117.0,867.754324912892,1,0.12737134825959293
27121.0,862.9585854616896,1,0.0924514822746214
27123.0,839.171379143026,0,0.0383410155754546
27125.0,845.5444673123486,1,0.10447477691537022
27127.0,831.0234548215641,1,0.10453171079153187
27129.0,846.0282115325315,1,0.11061837681083474
27131.0,835.7914324950184,0,0.05844206897818819
27133.0,838.1123376623376,1,0.145789937252567
27135.0,839.243784522003,1,0.09367342830688573
27137.0,839.248684089011,0,0.04473366101738605
27139.0,836.9755028205128,0,0.04736732029904829
27141.0,833.1000329859284,0,0.04767538757389017
27149.0,882.0148913987836,1,0.09787848718894283
27151.0,850.1385689802912,1,0.11313097715248409
27153.0,829.2540241625479,1,0.09643220577334773
27155.0,888.3950877192983,1,0.10757157634034079
27161.0,829.2014441242395,1,0.10105207130413989
27163.0,837.4368673067933,0,0.04104842376256734
27165.0,826.9142657593122,1,0.09927088375219359
27169.0,819.1986404567398,0,0.05389718486440104
27171.0,835.5925868165746,0,0.05009531586847891
27173.0,850.9798505869796,1,0.11788927386179775
28003.0,807.0235190860964,1,0.17155679276706964
28005.0,824.4248570853462,1,0.09595783683318812
28009.0,826.9889985272459,1,0.10533071485292822
28011.0,798.3017588145119,1,0.1176727668543549
28013.0,802.1606898485697,1,0.14322039229346759
28015.0,811.0956555469355,1,0.13208826158723244
28017.0,802.3355393180236,1,0.13732134435417306
28019.0,800.8330011135856,1,0.13810764537039721
28025.0,805.016539802881,1,0.11447809029051166
28027.0,816.0543609629988,1,0.1166846240970721
28031.0,803.1128164993108,1,0.10350277143964717
28033.0,820.6439347284819,0,0.063527264341561
28037.0,799.3826859045505,1,0.1680660232365677
28041.0,817.9145755199455,1,0.10167279646276725
28043.0,801.8374931555767,1,0.1146044760657724
28045.0,825.5456366040587,1,0.09150519896080744
28049.0,819.9441283691328,0,0.060100428650679424
28051.0,814.9646418106496,1,0.11849253234421925
28053.0,813.6190185105467,1,0.124202163794866
28057.0,806.3989421206226,1,0.10199500342416377
28063.0,816.4721765913756,1,0.11719289296008352
28065.0,806.1830179864518,1,0.10960628419399433
28071.0,809.5901257038103,1,0.10023693351417455
28077.0,809.588667409057,1,0.0949044522478369
28081.0,805.6006884225092,1,0.0988995188032505
28083.0,800.9403553719009,1,0.13485098814521207
28087.0,800.7259030044635,1,0.11013440946439218
28095.0,828.2385951239008,1,0.09578147758063074
28097.0,829.9628100358424,1,0.15141593329462666
28099.0,811.8687076476283,1,0.09449089373488433
28103.0,804.7404439511653,1,0.17966670877983246
28105.0,804.2836684782609,1,0.10573110108939125
28115.0,800.2642533997575,1,0.10579381695623678
28117.0,802.6476688983566,1,0.13315913555757877
28119.0,801.8386498353458,1,0.12360680990393322
28123.0,817.2190932387147,1,0.09379403612143167
28125.0,801.8021002132197,1,0.1484040690650999
28127.0,806.0927931648273,1,0.09741246048085685
28129.0,807.1143641536273,1,0.09675896423399967
28131.0,811.6430795295995,1,0.09585899071893586
28133.0,798.1747880058036,1,0.13396389954696902
28135.0,813.8688735790561,1,0.1318266610981293
28139.0,803.7459184577887,1,0.13365756923063776
28141.0,826.1772360360361,1,0.13013996941369801
28143.0,810.4200654735923,1,0.10611409914180382
28145.0,803.6447285291215,1,0.11017639990134094
28151.0,800.9169558056548,1,0.0957651917598077
28153.0,816.4813444331181,1,0.09957160060688747
28155.0,796.661239242685,1,0.1317234134334002
28157.0,840.150899782811,1,0.11915582961182983
28159.0,804.4173974189279,1,0.11800230336983503
28161.0,800.7096176821984,1,0.12370212375619295
28163.0,815.1872258064517,1,0.11124989287324967
29001.0,798.3738886384131,1,0.12132992098199633
29003.0,805.0648678348679,1,0.14106569716721765
29005.0,787.5526956521741,1,0.14606760052807236
29007.0,809.1201783481956,1,0.09967242952995642
29011.0,802.262319936331,1,0.10005193653037163
29017.0,814.9855543933055,1,0.12626895707554942
29019.0,821.6653004332866,1,0.09761985437176368
29021.0,818.6774908756012,1,0.09308803179264329
29023.0,807.3963461178672,1,0.12816358146356632
29025.0,813.250188636874,1,0.09533606440270496
29031.0,814.2442293307085,1,0.11943937872587125
29033.0,824.8298874521074,1,0.1362056067172332
29035.0,803.5877551020409,1,0.15474122156220793
29037.0,845.9730605279289,0,0.059789781399925725
29041.0,811.5110480349344,1,0.13999022418235174
29045.0,803.656359832636,1,0.15242003657388353
29047.0,842.1893429831894,0,0.05465863486344784
29051.0,808.3026364299704,1,0.10843117668408069
29055.0,833.3991288974606,1,0.09873057382288622
29061.0,799.0894174757283,1,0.11715460683957885
29063.0,809.8262135355892,1,0.10628004527165649
29065.0,806.5957296932929,1,0.12684677980108774
29067.0,795.3804463293952,1,0.09667337097583352
29069.0,803.3798068228524,1,0.12688342989173743
29071.0,835.8589941344605,1,0.1215593092158015
29073.0,832.8876488748627,1,0.11068119780303258
29075.0,789.7131905781586,1,0.12360473660928091
29077.0,803.4081605372746,0,0.06244151196244075
29079.0,805.7046438586652,1,0.16280883120119696
29081.0,796.2210041346723,1,0.12654663201777086
29083.0,833.3552953758403,1,0.09642418512208471
29087.0,789.7760533841755,1,0.12649179389428147
29089.0,816.43413491916,1,0.09864192443006708
29091.0,795.3291190305089,1,0.10298395451976747
29093.0,809.1824367158265,1,0.11917815645678147
29095.0,844.8679028657606,0,0.057822095389082125
29103.0,784.3668571428573,1,0.14886222122123663
29111.0,811.9425842696629,1,0.1194438067463104
29113.0,815.1575811829184,0,0.06384453626788596
29115.0,797.8414505029116,1,0.15061855355786974
29117.0,817.3455945663532,1,0.1306719056925473
29119.0,807.5838444273438,1,0.11105411429805451
29121.0,800.9485950804163,1,0.12175827666262724
29123.0,808.3870231432462,1,0.09968283854389366
29125.0,815.0116741516968,1,0.09617426628534428
29127.0,810.7652452219638,1,0.11065426688983156
29129.0,801.5643156424582,1,0.1214308996010218
29133.0,800.4793735873426,1,0.28528126728653574
29137.0,797.9495167427702,1,0.13673514029736564
29139.0,815.9851801334321,1,0.09230033184713758
29141.0,805.3204346456693,1,0.10268227586589203
29143.0,803.0262003716845,1,0.15302983704124867
29147.0,797.5000117878194,1,0.14095413083013839
29149.0,799.6928510782816,1,0.16109708892587998
29155.0,799.8567527410595,1,0.13341306931084052
29157.0,817.5488656550704,1,0.11299947855436471
29159.0,824.3318268156426,1,0.12010587673874301
29165.0,842.3510770626968,0,0.05791341855942076
29169.0,806.0278889979284,1,0.10892791545084243
29171.0,810.1737911571025,1,0.13003081448339768
29175.0,798.6854601978333,1,0.09935268073077905
29179.0,805.9607686649504,1,0.14114678137689085
29181.0,804.8280833471142,1,0.13353905846705302
29183.0,838.4241169305724,0,0.062024058132687965
29187.0,823.4842949431945,1,0.09164235147531162
29189.0,837.1527127436559,0,0.06293489934205782
29195.0,827.5237952151549,1,0.11131483942360271
29197.0,818.1639418416801,1,0.1459111031899547
29199.0,791.6750251256282,1,0.20138225928774803
29201.0,808.7467691919829,1,0.1347632331593901
29203.0,797.3912646076795,1,0.1131306202244386
29205.0,799.7533939000649,1,0.18003611553274457
29207.0,804.4718474148802,1,0.10925603205154641
29209.0,799.8710707732903,0,0.06302294535360567
29211.0,788.2595538312319,1,0.1527076333302657
29213.0,797.8833510903193,0,0.06344342968957627
29215.0,795.0144376317303,1,0.12674503935825407
29223.0,810.5348169505163,1,0.11259851702140428
29227.0,782.9200000000001,1,0.14818505089017153
30001.0,810.9968486869528,1,0.09324636706855681
30003.0,790.0672459893048,1,0.11912504035865498
30007.0,797.8843204134366,1,0.10638816444791531
30009.0,797.4714868067624,1,0.11740467430708408
30011.0,830.27,1,0.2151098442549721
30015.0,805.1840780487805,1,0.10928024919400632
30017.0,790.074888888889,1,0.11797384700793254
30021.0,827.1157255936675,1,0.11649864024824264
30023.0,802.0060336134454,1,0.09366192036028544
30025.0,858.6700000000001,1,0.21331310757462982
30027.0,794.4109620532199,1,0.09928069534131674
30031.0,805.7606419703529,1,0.09210014253044807
30037.0,788.42,1,0.23912172250772268
30039.0,813.18,1,0.13444176567694754
30043.0,801.861517382413,1,0.10184459381783262
30045.0,814.5981074168798,1,0.16691239717407919
30051.0,813.18,1,0.1504567773577843
30057.0,814.3112525667351,1,0.1215001814583745
30059.0,813.1799999999998,1,0.12398276591045303
30061.0,795.781081081081,1,0.12158720764534844
30065.0,788.42,1,0.13603968984127815
30067.0,857.0491727493917,1,0.11938715740335036
30069.0,830.27,1,0.501683187922981
30071.0,830.5199102333931,1,0.1430357462637367
30073.0,803.8370186335403,1,0.11047980199180384
30075.0,830.27,1,0.2142716507382245
30077.0,798.2762315112541,1,0.09304713603341597
30079.0,830.27,1,0.1708460082179182
30085.0,830.27,1,0.13120641681294443
30087.0,804.1423362831858,1,0.0989438056433579
30089.0,796.0506832298137,1,0.10569063248080432
30091.0,830.27,1,0.18273739077029338
30095.0,794.5981929347826,1,0.13207709574872079
30097.0,788.42,1,0.14414132417523243
30099.0,801.6617040898155,1,0.11236092353950895
30101.0,808.73,1,0.11733384382228318
30103.0,788.42,1,0.259887371133371
30105.0,825.2922727272728,1,0.11633959204097892
30107.0,788.4200000000001,1,0.14364338933528123
31001.0,838.1933923103096,1,0.1186326446937886
31011.0,830.6615761821366,1,0.15061094719531237
31013.0,831.14,1,0.1244949239523167
31019.0,834.3739494997618,1,0.09930702609151525
31021.0,818.7807378904482,1,0.1183739845320353
31023.0,837.0687902695594,1,0.1378081039933658
31027.0,830.3826771653543,1,0.13051657675768855
31033.0,830.3848595505618,1,0.1327480870741038
31037.0,827.5175609756099,1,0.14179482187970885
31039.0,836.7936445108289,1,0.12767630805009567
31041.0,855.75,1,0.14093913382101603
31043.0,815.8979203266114,1,0.10786666395562383
31045.0,830.4129577464789,1,0.13457170282041528
31047.0,831.3364623655914,1,0.11124619341395932
31051.0,831.14,1,0.1494023449955151
31067.0,834.7348325439783,1,0.12256647914178352
31073.0,830.27,1,0.19753532370015534
31079.0,833.7661211089494,1,0.10828900652066023
31081.0,831.14,1,0.13214859354223363
31093.0,855.75,1,0.13728998270194173
31095.0,829.7086759776537,1,0.1520589867528806
31097.0,835.67,1,0.12720914373661257
31099.0,831.14,1,0.14239002658327488
31101.0,830.2699999999999,1,0.11597489009630288
31107.0,841.2840949935816,1,0.110592403629808
31111.0,837.0670753655793,1,0.10276908651092212
31119.0,833.4040328546562,1,0.10313494258846646
31121.0,830.3215624999999,1,0.12434556098151661
31123.0,830.3841550695824,1,0.15143136019287168
31125.0,830.27,1,0.15073019340401728
31129.0,835.67,1,0.12924930016453068
31131.0,823.0209780815461,1,0.09873388184875534
31135.0,830.27,1,0.17366629635673883
31141.0,834.3454906682721,1,0.10968578436683554
31151.0,838.63,1,0.1583010921085942
31155.0,827.0546709273864,1,0.09668391724004967
31157.0,832.3813656965649,1,0.09811222487992256
31159.0,831.3272879776327,1,0.11528740350807652
31161.0,830.4184961928933,1,0.1251667309168653
31163.0,835.7101372997711,1,0.12199058638711333
31167.0,830.4582671174979,1,0.13463911015204938
31173.0,835.6699999999998,1,0.1455908150976771
31179.0,844.1269246031748,1,0.12978466044825698
32001.0,794.2960418633932,1,0.09361944457281177
32007.0,858.67,1,0.11061869501305419
32017.0,849.06,1,0.11745213094812586
32019.0,794.6383737340196,0,0.06377807741623913
32021.0,861.9400000000002,1,0.13398635609379486
32023.0,925.9498887602667,1,0.17606250865807466
32031.0,811.0517787409526,0,0.06047549113832738
33003.0,828.3079484869362,0,0.05934122669772898
33005.0,819.8545694802801,0,0.0581830459520008
33009.0,821.977185933777,0,0.0584990316494488
33011.0,827.2279390649023,0,0.051962768531767574
33015.0,833.2553630387005,0,0.052835814971256057
33017.0,828.9505155345067,0,0.05661972197250146
34001.0,848.2988332193846,0,0.058318326594746187
34003.0,860.2671230683576,0,0.05879772182511004
34005.0,867.8459073856546,0,0.0596207954029754
34007.0,869.801056709364,0,0.053510896327352134
34013.0,860.8197748702629,0,0.050979733778209746
34015.0,867.4841432020437,0,0.05998360610106516
34017.0,849.9662827467688,0,0.0492774941262045
34023.0,862.869704349728,0,0.04929679636616077
34025.0,859.4789626688274,0,0.05571650850484706
34027.0,865.1024716197353,0,0.05989257483335831
34029.0,863.2880169385224,0,0.055269803177781046
34031.0,851.2612980865532,0,0.04727428371544917
34035.0,855.7643374836283,0,0.05550985253126576
34039.0,858.4068855095923,0,0.046229277933214075
34041.0,846.030476270697,0,0.06353884648550304
35001.0,743.592946783435,0,0.058408039636019565
35003.0,788.5673094170404,1,0.10630868945966637
35007.0,796.727050240881,1,0.09740630387235767
35009.0,793.3291807742394,1,0.10809869416580936
35013.0,811.3573779784012,1,0.10052903687234441
35015.0,796.0181749663526,1,0.09608134437261831
35017.0,810.7580037320538,1,0.10786236957345864
35019.0,763.235327669903,1,0.1474258822094342
35023.0,810.7782501300052,1,0.1695651860198405
35025.0,829.5728028503562,1,0.1021203801859123
35028.0,788.9873336072309,1,0.09837869870096262
35029.0,810.1286012506013,1,0.11656896402274393
35031.0,794.5266693731731,1,0.12635903362533832
35033.0,781.0454563492065,1,0.11901547426215675
35037.0,780.3431438596491,1,0.13075819708073863
35039.0,775.9662569329092,1,0.09257110029764769
35041.0,788.4955208333332,1,0.12002031733430604
35047.0,775.9871723715312,1,0.09642138192269355
35049.0,757.2690147884854,0,0.04873135875386566
35051.0,807.1408267947066,1,0.09980799628838642
35053.0,747.5378722350611,1,0.0956263951138315
35059.0,845.2072081218274,1,0.14009071079436078
36003.0,802.6708346754278,0,0.04086095474659245
36005.0,841.0193311230171,0,0.04400179759115473
36007.0,790.6217871716023,0,0.03716852657814788
36009.0,809.8494086587092,0,0.03878963969552805
36011.0,790.9016878238534,0,0.04475312310580993
36013.0,800.942490659507,0,0.038154355872723936
36015.0,785.7686494468059,0,0.04422412852030634
36017.0,790.0197063213739,0,0.041318672850041364
36021.0,795.0100131548945,0,0.05096409091713937
36023.0,787.7977610074398,0,0.0503799463159547
36025.0,798.3961086892632,0,0.05180046979582475
36027.0,822.3622861547215,0,0.05069635172469622
36029.0,818.5183934011644,0,0.037556185414451944
36031.0,792.5228838615745,0,0.057569478330788515
36035.0,804.3634964753535,0,0.04177379019128107
36037.0,792.0356043828358,0,0.037632032073474785
36039.0,797.1446630775954,0,0.04843181459654621
36043.0,794.8033891272842,0,0.041355664924369276
36045.0,786.9860165154532,0,0.05783127189651376
36047.0,833.3428466905426,0,0.03640190287547908
36049.0,785.059024640156,0,0.056057551063547345
36051.0,745.734845425068,0,0.06145035680490558
36053.0,787.2180001773155,0,0.039379622688644464
36057.0,804.361579959185,0,0.03807912352994699
36059.0,847.4922600823156,0,0.05905580517545062
36061.0,834.9826524446672,0,0.04085947825564109
36063.0,818.8438069162277,0,0.04527457735108534
36065.0,795.5457460035524,0,0.04302501402128011
36067.0,802.9627291946766,0,0.03472475980722465
36069.0,740.5939258565791,0,0.06457826989747066
36071.0,824.2226009138154,0,0.05878070947223627
36073.0,789.125369685926,0,0.039011135001246755
36075.0,796.1378829092738,0,0.03583417333877374
36077.0,793.8542923647708,0,0.04972644143742518
36079.0,834.8114203000263,0,0.05281230861329209
36081.0,827.0371304085446,0,0.03131507581477945
36083.0,794.9746506227821,0,0.05188471692280085
36085.0,826.6751463628566,0,0.0318986802976231
36087.0,841.7592499391579,0,0.06028826729946854
36089.0,790.8868364900818,0,0.0611465676964846
36091.0,795.3597001363369,0,0.043223825967373904
36093.0,797.1979882078315,0,0.0362531452633156
36095.0,795.9557259705379,0,0.06215659699419965
36097.0,787.9474931602134,0,0.049399887762149285
36099.0,753.9179478577098,0,0.05158711653238388
36101.0,780.493660950221,0,0.045580633340505966
36107.0,784.5923490883009,0,0.04038393345647971
36109.0,781.5559380355966,0,0.05987351830133784
36111.0,807.1467518955071,0,0.050308538043092293
36113.0,797.615563479476,0,0.034859482998704366
36115.0,796.4337539292449,0,0.04312678388656075
36117.0,732.8200198590952,0,0.060080705727563063
36119.0,850.2400130248252,0,0.044245663173254485
36121.0,799.781081635961,0,0.04075567958817901
36123.0,746.56593732347,0,0.057912441158681514
37001.0,832.7873157268821,0,0.049395986819072875
37003.0,822.6222084159382,0,0.05962886145987879
37013.0,805.028304736626,0,0.0637210895612387
37015.0,807.2621424584125,1,0.09591497983933901
37019.0,816.0620260155058,0,0.049584042878226736
37021.0,827.9015860971313,0,0.05056768500203284
37025.0,828.5360793461739,0,0.0552318870062748
37033.0,840.4568673652695,0,0.058682561356430574
37035.0,829.2964353137146,0,0.052659962988934335
37037.0,830.270402905741,0,0.04859760348548948
37041.0,814.4563139225539,1,0.09162473618726652
37045.0,828.002352546048,0,0.06008609525388359
37051.0,833.3551748642232,0,0.05279326385350807
37053.0,819.3071917040359,0,0.06204120187421971
37055.0,826.4651258266771,0,0.058217208618077186
37063.0,814.1300535707993,0,0.055159133281930534
37067.0,838.4495686148576,0,0.0618865742567474
37069.0,813.9319449598713,0,0.06308423920279319
37071.0,824.1483948521593,0,0.05344405309555028
37081.0,835.1212060765872,0,0.04766357855767367
37085.0,812.3542620852451,0,0.06116105781877955
37087.0,815.5000672473332,0,0.05482091148902442
37089.0,836.1820487042195,0,0.05060504665805628
37095.0,823.4940256615879,1,0.10941343720761713
37097.0,826.7331208135428,0,0.04573117986850352
37101.0,820.2405859381635,0,0.05525675158514948
37105.0,815.5821929381757,0,0.053618276280971
37107.0,817.2700989563447,1,0.09801714297220615
37109.0,828.5634641170074,0,0.05410570156085861
37111.0,817.365925221526,0,0.062106510297198526
37119.0,837.1995547628213,0,0.04452334991779339
37125.0,809.6000736398006,0,0.062125433821389485
37127.0,808.6621776443952,0,0.061811102259140806
37129.0,817.775956358645,0,0.05636670215035387
37141.0,811.7952618484131,0,0.05591232019401979
37149.0,818.5300695200096,0,0.06210673906194746
37151.0,832.6383975799733,0,0.06002586383513872
37157.0,836.3020082041695,0,0.05174594868118186
37159.0,834.8254033419406,0,0.054094792838345236
37163.0,808.133254588566,0,0.05931403127035721
37171.0,823.5097450874672,1,0.10590061480325814
37175.0,820.2666920453877,0,0.05098731767717129
37177.0,821.093849184018,1,0.10471533976050744
37179.0,827.790595962678,0,0.05590240995952695
37181.0,799.9446140947523,0,0.062058577138988026
37183.0,822.3234620544204,0,0.05410480623631794
37185.0,808.8710216700035,0,0.05927031038197577
37193.0,837.852027355904,0,0.06422574355647115
38055.0,849.06,1,0.1122811610160623
38093.0,812.5698713235295,1,0.11442955541252815
38099.0,833.77,1,0.1227655494841948
38101.0,841.866,1,0.09271859445864947
38105.0,857.09,1,0.10213188690098854
39001.0,829.5073002817413,0,0.06385063653049508
39003.0,832.0856344405447,0,0.056607750085366414
39005.0,830.2414116040144,0,0.06203881440719912
39007.0,825.8875364468197,0,0.06256270114052827
39011.0,834.3730596727286,0,0.05892652072522647
39013.0,840.145352455617,0,0.05691889066289136
39015.0,840.3986858172807,0,0.048724763766158474
39017.0,843.1153563708547,0,0.040073996006100364
39019.0,840.2188334851469,0,0.048004454076421094
39021.0,841.8741778762866,0,0.06323853349803557
39023.0,845.4578710903318,0,0.05526387537618452
39025.0,842.3445038673035,0,0.04172455021527897
39027.0,828.7178964540755,0,0.05086009729212952
39029.0,838.6561060374544,0,0.056787032984046755
39033.0,825.9194754999236,0,0.05712712769866007
39035.0,839.6451224194104,0,0.043328356798317424
39041.0,843.5823943693675,0,0.043558551351201305
39045.0,841.0668728871483,0,0.06237687606189077
39047.0,831.502158808933,0,0.05470892578823312
39049.0,844.0311308625616,0,0.04007764662218167
39051.0,832.3779166803777,0,0.056026731104445546
39055.0,838.5698360949502,0,0.05838257546201059
39057.0,835.1505038197542,0,0.06204893757598859
39061.0,845.4386071464094,0,0.03916249625415304
39063.0,826.5412470069714,0,0.057886714984203454
39065.0,827.7837751303053,0,0.0578776098479225
39069.0,830.4465686774647,0,0.06489298238571493
39071.0,834.7839967958054,0,0.056348334892943865
39073.0,820.6197482837528,0,0.057091568781426245
39075.0,831.8347164208651,0,0.058342587225407236
39077.0,830.0718800527965,0,0.05996270726449879
39081.0,847.87944288523,0,0.0616799734599906
39083.0,824.3290443492504,0,0.057915285664076104
39085.0,838.2859758319137,0,0.05757830474360438
39087.0,826.1185478241288,0,0.06134637312059412
39089.0,841.7317259314973,0,0.05205450439038717
39091.0,828.2570663758837,0,0.05889320152676177
39093.0,840.8412210404364,0,0.05114067844879369
39095.0,835.0317634050249,0,0.04592743740537503
39097.0,842.2743840941057,0,0.045630346736021885
39099.0,841.8092038197249,0,0.05779834351902693
39101.0,830.8358391288731,0,0.05084986208471974
39103.0,836.1889352196994,0,0.050856311488163296
39111.0,829.9540693987072,0,0.06271762101732764
39115.0,813.0637002641221,0,0.05715461730957032
39117.0,837.6677007325483,0,0.04929918415672389
39119.0,834.0333140051748,0,0.05842014217070697
39123.0,834.7801165988856,0,0.06044175355632684
39127.0,802.091201708626,0,0.05574443804824705
39129.0,840.4175454824111,0,0.05957429391157415
39131.0,829.560986967496,0,0.06319240463842213
39133.0,835.024832893396,0,0.04985063624477691
39135.0,842.4583470890581,0,0.06335952624779796
39139.0,833.0889460534366,0,0.06068367168174159
39143.0,832.8380448881271,0,0.05402905025669931
39147.0,828.7090168986083,0,0.06373020412405028
39149.0,841.0871304197018,0,0.06220047130517923
39151.0,839.6870570358044,0,0.03365052120370997
39153.0,835.7828659502811,0,0.03880221238201386
39155.0,841.2731486285799,0,0.05634536651238433
39157.0,835.3029359769082,0,0.05110494191721968
39159.0,837.8851263717022,0,0.04406731671909941
39161.0,833.1269824719101,0,0.0559199994875381
39165.0,840.9884791535416,0,0.05164006303964392
39167.0,820.1766934107637,0,0.059671260644682186
39169.0,827.9509115342394,0,0.03965214763412616
39171.0,825.6701401044212,0,0.05917833258675247
39173.0,832.8562229961044,0,0.049801267856360236
40001.0,828.0853678160919,1,0.09644940844898761
40003.0,810.0143848580442,1,0.11724827705600356
40005.0,839.0194812532101,1,0.10314515310154279
40007.0,831.41,1,0.11131665599560964
40011.0,803.311613663133,1,0.10188790701570256
40015.0,826.4985099075299,1,0.10651914248383262
40017.0,820.7423421233729,0,0.0557934966546829
40023.0,843.620131337813,1,0.09757722782465664
40027.0,825.0643272347378,0,0.049596540704416735
40029.0,859.511968641115,1,0.12017915477831496
40033.0,844.7933145275035,1,0.11767945844417534
40035.0,836.9695845760547,1,0.10283654247477376
40037.0,836.511347251782,0,0.06179111760542595
40039.0,855.8625764978144,1,0.09452850184995253
40043.0,864.4000000000001,1,0.12884026297024262
40045.0,831.41,1,0.15138242237711497
40051.0,823.5514432832017,0,0.062282611655079395
40053.0,795.8999999999999,1,0.12685141206190242
40055.0,831.41,1,0.13179032801873522
40057.0,879.0399999999998,1,0.20213611293739503
40061.0,832.0297220361688,1,0.10911808292446884
40065.0,850.5637575757576,1,0.09435332396462284
40067.0,849.6371575342466,1,0.1466023738841553
40069.0,848.5692091152815,1,0.09549524843750037
40071.0,850.1833712555247,1,0.0948527798038605
40075.0,862.1173871733968,1,0.10222084147898149
40077.0,822.7634092009687,1,0.10064656689025113
40079.0,845.3646230210564,1,0.09325373050059359
40081.0,821.4026688121048,0,0.061927299149325044
40083.0,821.6652853891673,0,0.048614693136480244
40085.0,855.3390507152145,1,0.10310039460755992
40087.0,845.9771022629124,0,0.060861853506534204
40089.0,843.8052388237295,1,0.09859164822381768
40093.0,803.4405364806867,1,0.09703357752211168
40099.0,839.4844604731678,1,0.12119637956420506
40103.0,855.1609969325153,1,0.1265147024798734
40107.0,802.6499424626007,1,0.10446754391949341
40109.0,820.2257697717669,0,0.049467105785380404
40111.0,836.0498089795078,0,0.0643683557890068
40113.0,846.2036057422708,0,0.05857153925497314
40125.0,817.0298592886955,0,0.05421529340278405
40127.0,813.0119345088161,1,0.11119390966079083
40129.0,874.83,1,0.12522707997156
40131.0,808.8022992456367,0,0.06316827491157548
40137.0,855.5880760467104,1,0.09175220872257386
40141.0,833.6307208872458,1,0.11561424032081027
40143.0,842.8096620065363,0,0.05057031466504184
40145.0,842.3318942666764,0,0.054895507197841004
40149.0,874.83,1,0.1078789702148709
40151.0,831.41,1,0.11035221426228156
40153.0,846.6222274881516,1,0.09992884622099114
41003.0,833.3530621998859,0,0.04975343315024281
41005.0,842.204045877643,0,0.03981560596342878
41007.0,829.4662280048414,0,0.06198787322654074
41009.0,837.1585435034804,0,0.056627971462299
41011.0,842.9162685148514,0,0.05917323846978112
41013.0,834.6366349365396,0,0.05630119509194898
41015.0,850.6031852815464,0,0.06258897748100414
41017.0,830.152156702599,0,0.05157235906918263
41019.0,793.6683058767328,0,0.061820406986743466
41021.0,857.03,1,0.16105278873395037
41027.0,831.1639399624764,0,0.053475718250228045
41031.0,828.6806825162796,0,0.054882751718416944
41033.0,820.2584163653133,0,0.05732949837803718
41037.0,843.730303030303,1,0.0914423409716546
41039.0,839.2657166719848,0,0.060046314243802974
41041.0,807.4148795217286,0,0.05692726973394272
41043.0,829.3041202433765,0,0.05887444638300492
41047.0,844.4851412492555,0,0.04733056559551739
41051.0,839.4376440273771,0,0.036009513015794824
41053.0,846.0798505071208,0,0.05021056015753754
41055.0,837.8836347197107,1,0.11098580620160989
41063.0,845.0713276231263,1,0.10235586355713325
41065.0,837.3896716934843,0,0.0589542674151338
41067.0,839.6936791821549,0,0.039105103325205066
41069.0,834.6124256292907,1,0.15129137023807376
41071.0,846.8584338723052,0,0.0443712420215694
42001.0,834.7987780076855,0,0.048811210203379106
42003.0,861.3049465612986,0,0.03431044158162093
42005.0,857.457186543617,0,0.04222632382661805
42007.0,856.4455346218875,0,0.034392327703046434
42009.0,850.3828286793869,0,0.0549529608517019
42011.0,840.1767023410405,0,0.036972166634268874
42013.0,846.0909547520993,0,0.040549357951842925
42015.0,822.0791672001026,0,0.057906222550102956
42017.0,839.9252468729051,0,0.03831026443092494
42019.0,857.7464526642736,0,0.03359728480525428
42021.0,858.9344300558373,0,0.05277985677506908
42023.0,844.3780920402924,0,0.05182971478434049
42025.0,833.6845873385766,0,0.05546658648090668
42029.0,852.378919063459,0,0.04232426964138582
42031.0,845.658872207057,0,0.04800310775230167
42033.0,842.3497226394734,0,0.04202165334404772
42035.0,823.4929723140026,0,0.04853221040942637
42039.0,845.8427441456872,0,0.04183373943112538
42041.0,841.3714382755996,0,0.044734931358010155
42043.0,843.8192615007142,0,0.055492940431418995
42045.0,850.2949851278659,0,0.03727646469006278
42047.0,845.1258083558321,0,0.05995706311263556
42049.0,848.4058255414018,0,0.03496267722049673
42051.0,859.3036809155197,0,0.03461142408303194
42053.0,847.1624568320871,0,0.05102832914049805
42055.0,839.2235280688404,0,0.046808005084035216
42057.0,841.0153142282554,0,0.06282362524132662
42059.0,857.6982882882884,0,0.03381745100397715
42061.0,833.3041050788828,0,0.046703932800488394
42063.0,856.3624905287182,0,0.04712463557557604
42065.0,846.8501551679442,0,0.05314423812325837
42067.0,831.59222793813,0,0.04800742345745859
42069.0,834.8979624012086,0,0.051453487290712
42071.0,837.661366639206,0,0.04310994948286111
42073.0,857.0879855693606,0,0.03422383661249176
42075.0,843.7358748892505,0,0.04624456466097178
42077.0,841.6505015631417,0,0.03682890074333738
42079.0,833.0061744952322,0,0.05324435224717097
42081.0,820.2017229292958,0,0.0449348523672849
42083.0,839.9067827529022,0,0.058996928945405674
42085.0,849.5172803982889,0,0.04000092378478709
42087.0,830.6925386539733,0,0.05858186403835571
42089.0,828.9597696724005,0,0.044107021386946915
42091.0,844.0988233048005,0,0.04017449288797617
42095.0,842.2787756720425,0,0.039643643280923305
42097.0,822.5955450623879,0,0.058143735000736184
42099.0,842.1572410553078,0,0.050237367564502866
42101.0,835.440142262141,0,0.03729371685232828
42103.0,843.5278111530771,0,0.05313344353006456
42105.0,826.5500379901961,0,0.05167117991416663
42107.0,832.676575174811,0,0.04786008326585725
42109.0,824.24101769174,0,0.058327923975461944
42111.0,849.814093403813,0,0.053171043495294106
42113.0,825.6759226558363,0,0.06040671516790219
42115.0,826.7616884043204,0,0.05069319586531803
42117.0,820.4986669340055,0,0.05175041363644033
42119.0,824.1165178571429,0,0.04893959118273141
42121.0,848.1873803641814,0,0.05482155675811404
42123.0,843.0728294711823,0,0.04986702144353087
42125.0,860.3404210654287,0,0.0317958019980379
42127.0,829.9072332654579,0,0.05133017510134232
42129.0,859.0125626932079,0,0.03503747081328946
42131.0,829.6739305116866,0,0.05191163581473471
42133.0,836.734588077073,0,0.04657012499470956
44001.0,851.7481809033991,0,0.04966912384590215
44003.0,849.8307293822211,0,0.0542909191388154
44005.0,850.5298591011784,0,0.04335317936985908
44007.0,849.9154424853976,0,0.05275249544656162
44009.0,850.5984588598321,0,0.04582528478590255
45003.0,820.9591299045978,0,0.054901427728212895
45013.0,821.2458087566117,0,0.04834973226598722
45015.0,828.5294282649164,0,0.05979692474202083
45019.0,828.8494539588129,0,0.05873769893442456
45023.0,810.9075912950293,0,0.062210358195421776
45035.0,829.272755975542,0,0.06331277586263137
45043.0,820.6297842811887,0,0.05203040080834412
45045.0,816.1619322471529,0,0.048600678852024536
45047.0,796.6403719325909,0,0.06294866025195003
45051.0,818.3160614814718,0,0.05028488042587259
45053.0,819.3165192646688,0,0.058352925471722404
45057.0,813.9982185107864,0,0.055854988349896266
45065.0,805.287572076789,0,0.051266289144798756
45091.0,827.2050175170523,0,0.05013030069417432
46009.0,824.8768803418805,1,0.11102354278650346
46011.0,812.9536079328758,1,0.11770548844677815
46013.0,849.06,1,0.1215844526793623
46019.0,816.2352072192514,1,0.10076224756160684
46023.0,865.75,1,0.14555747620002818
46025.0,814.2417777777779,1,0.12985608234064694
46027.0,809.9216038882138,1,0.09790540262974462
46029.0,813.7880474675801,1,0.11762162586402018
46033.0,818.2724752475247,1,0.10009637171997303
46035.0,819.597648202138,1,0.11354976201502513
46037.0,821.58,1,0.13718816634332123
46039.0,816.4662630480168,1,0.11999285301808021
46043.0,865.75,1,0.15306421462083136
46051.0,820.6674074074074,1,0.14217254834127055
46057.0,817.9697435897436,1,0.11418382889099009
46059.0,865.75,1,0.1482065467123947
46061.0,842.1987096774193,1,0.12335357235649952
46067.0,809.0011272141708,1,0.1288809193290087
46077.0,821.58,1,0.13215043691746906
46079.0,818.2230890603087,1,0.10917131175865237
46081.0,818.8434625879648,1,0.09251822804132127
46083.0,803.2405971316819,1,0.09495913533360183
46087.0,811.9101418439716,1,0.1231312938836248
46091.0,821.58,1,0.12010381860666905
46097.0,821.58,1,0.18224133774086504
46101.0,811.5103489361701,1,0.11115870047065221
46109.0,818.4927513227514,1,0.10164279310341584
46111.0,821.58,1,0.1633229896619866
46115.0,821.58,1,0.12553725576253544
46125.0,814.0357225433527,1,0.12135971581415435
46127.0,800.4456468172484,1,0.09292212030223912
46135.0,811.2052516281824,1,0.10550402566622577
47003.0,829.3908343663825,0,0.06084541814075854
47009.0,834.9313148759904,0,0.06420832166041189
47011.0,826.544538310937,0,0.05327853429525415
47017.0,808.9022904211506,0,0.0643232229165284
47019.0,828.7311850185698,1,0.10357644149623353
47025.0,833.6385456548685,0,0.06475138664031012
47029.0,827.6787510555649,0,0.06426213068672251
47031.0,820.8947833166623,0,0.06358856663620699
47035.0,822.2044317278433,0,0.0530625949835048
47037.0,833.3029152303479,0,0.049029151943707605
47039.0,804.3315914850481,1,0.10873129053523493
47041.0,831.6983391622949,1,0.09384252587669165
47047.0,818.9071518477181,0,0.04505110727497572
47059.0,833.3213835396716,0,0.06407855997093627
47063.0,830.9440657917893,0,0.05960053936545434
47065.0,824.2146128862255,0,0.05598426289760792
47069.0,810.5565592510216,0,0.05734423530659367
47071.0,809.4312924452481,0,0.06479097423511421
47075.0,811.8642150565262,0,0.06452909703067441
47077.0,801.4342937902626,1,0.1073089464841152
47083.0,819.8928788384512,0,0.06417126021048085
47087.0,819.1001976630963,0,0.06487179282396649
47089.0,833.9637299958397,0,0.06366947084126472
47095.0,809.7684657749804,1,0.10292400180240067
47097.0,808.1951204078046,0,0.06265319303422351
47101.0,824.2108098194133,0,0.06436925167283222
47103.0,819.7537200447252,1,0.10977722331656502
47105.0,837.8144633576565,0,0.0637557883469616
47107.0,822.5984781465905,0,0.06259420940381175
47111.0,822.8473301620336,0,0.06028045563857941
47113.0,816.6378304629483,0,0.05306233146441912
47117.0,828.3525484290507,0,0.05422680108567774
47119.0,829.1778952384735,0,0.04736226737597932
47123.0,831.3886143274624,0,0.060689646273278185
47125.0,823.2183752870022,0,0.053635099815287184
47131.0,823.1040389442974,1,0.09448841571569971
47135.0,818.696164874552,1,0.11805673536776998
47141.0,819.6192763711305,0,0.06116492381229856
47143.0,823.7838490162974,0,0.06261833087232653
47149.0,828.8874352541361,0,0.057353989768305406
47153.0,821.2035498518004,0,0.05986758991899567
47157.0,820.1742235564207,0,0.040462727965278854
47167.0,817.4153826368505,0,0.04773638903315471
47169.0,831.5458107360266,1,0.09165845597468052
47173.0,835.8609001228949,1,0.09549824455598069
47177.0,825.4803975783863,0,0.057711898601193946
47181.0,822.2641005948349,1,0.09218581505242959
47183.0,812.3276764591816,0,0.06438694757390412
47185.0,823.420759769327,0,0.060107162183950964
47187.0,838.1407951183164,0,0.04639783584891746
47189.0,832.3065265761265,0,0.06443340777895747
48001.0,863.5483129531436,0,0.0637670070293894
48003.0,847.004599428829,0,0.058341001727784676
48011.0,878.0960073260072,1,0.11694220167891678
48015.0,880.0791889767648,0,0.049747142830754223
48019.0,857.6813194817893,0,0.05680427623876749
48021.0,845.6923238900312,0,0.05250187531956574
48027.0,842.804017975578,0,0.04099508938224895
48029.0,867.9970955473987,0,0.06448491693024738
48031.0,851.8785402770652,0,0.05680536948451348
48033.0,879.04,1,0.3213687989765647
48035.0,849.62618573167,0,0.04574848524605068
48039.0,883.3593110328271,0,0.04099209271898326
48041.0,850.1775486690506,0,0.043929858281404846
48045.0,867.8299999999999,1,0.11429670585843438
48047.0,843.997832808474,0,0.0636028870270495
48049.0,851.8635536819811,0,0.05640030635762897
48051.0,847.971785522308,0,0.04587730843086304
48053.0,847.569737679759,0,0.04315966319346007
48055.0,846.2445812479145,0,0.05313163546572277
48057.0,842.4847785735901,0,0.05058718117838463
48059.0,862.4377629497827,0,0.059187616559774635
48061.0,840.1155713563973,0,0.06226086112633654
48071.0,877.4243275192935,0,0.04802840816326531
48075.0,860.9870856563608,1,0.09287640989015868
48085.0,869.0707934061888,0,0.04990941708844618
48087.0,879.0400000000001,1,0.15542392069532174
48089.0,856.1148167579662,0,0.058559026038318515
48091.0,865.74442381317,0,0.046239756721374155
48093.0,852.6906441306812,0,0.058350513181882065
48097.0,867.009664077433,0,0.052962116244001566
48099.0,845.9868364712211,0,0.045893603561940714
48101.0,867.2253399818677,1,0.12454223819591806
48109.0,854.621736204576,1,0.0978591496894419
48113.0,868.3702820419207,0,0.056766020337775544
48117.0,851.5457984044574,0,0.06304724451456986
48121.0,870.8351828105308,0,0.05253974135645718
48123.0,854.0348521528616,0,0.05806218698982775
48125.0,853.7071324599708,1,0.09299503465103359
48127.0,852.3351794809604,0,0.06388537787758931
48129.0,856.6076536585367,1,0.09222583906560955
48131.0,840.6374372060443,0,0.06319204076289368
48133.0,852.86427959367,0,0.05708897517062646
48135.0,855.6387531765164,0,0.0485068825776927
48139.0,861.7669300447137,0,0.05284180518595639
48141.0,850.9544242912968,0,0.05228817534766155
48143.0,858.4276322176154,0,0.05540789579158887
48145.0,849.5600806348394,0,0.04331816969276059
48147.0,862.8819331664813,0,0.05058288419451045
48149.0,842.6589413889536,0,0.05373350358326992
48155.0,879.04,1,0.16656440604245595
48157.0,880.9437657956323,0,0.03107270528381728
48159.0,860.1107648231191,0,0.060580805860700276
48161.0,848.821882794891,0,0.05149126654882565
48163.0,858.0093083333333,0,0.058297356686435486
48165.0,848.5794443405051,0,0.06237740104424154
48167.0,871.2277132188201,0,0.03798418478989202
48171.0,850.4829950457122,0,0.05658890826997636
48173.0,879.0399999999998,1,0.20762932554355382
48175.0,852.5258413512936,0,0.06301916738724406
48177.0,852.3058299002106,0,0.05747137363672668
48179.0,850.537127436596,0,0.05992925714462271
48181.0,861.6880939912267,0,0.046493458377227154
48183.0,866.6483148673317,0,0.047784067751927936
48185.0,856.8897574277112,0,0.046029226460444266
48187.0,870.2603383372953,0,0.05244139060454789
48189.0,841.3404389981149,0,0.05165198878363811
48193.0,855.0822917417959,0,0.05720141383449548
48199.0,888.3342736313782,0,0.05548936769889729
48201.0,880.5239075664581,0,0.03105644793866956
48203.0,867.071268162738,0,0.04592577980384206
48205.0,854.5674405594406,1,0.10165140646892495
48209.0,855.9175391304345,0,0.05553427115609691
48211.0,864.2864424320827,1,0.10787179920399523
48213.0,860.6922546409468,0,0.04876730087174387
48215.0,838.8200080673794,0,0.0488646299521491
48217.0,853.0646146111441,0,0.046023277785451976
48219.0,843.022895459898,0,0.05283976634938457
48221.0,860.2671429305911,0,0.04320182654480098
48223.0,847.6253300144532,0,0.05264858295700663
48225.0,849.942210591133,0,0.054137695911962214
48227.0,862.4334001823153,0,0.06380220011897436
48229.0,839.546900244798,1,0.09374132116643524
48231.0,838.845613743718,0,0.05114731071935353
48235.0,879.04,1,0.1533295518595359
48239.0,845.6434371184371,0,0.05719120422367852
48241.0,852.4956195882239,0,0.05714551386328784
48243.0,859.3605488850772,1,0.10002179961021816
48245.0,884.4009784913799,0,0.048759291504307606
48251.0,874.9911934169103,1,0.12430949964289803
48255.0,851.8975176470589,0,0.05905500695351969
48259.0,871.0327669572744,0,0.048045389945896105
48263.0,876.2046052631579,1,0.1903973693278901
48265.0,855.3525820068832,0,0.04770793905952417
48273.0,862.6209143427714,1,0.09815572553837619
48275.0,854.7683831455169,1,0.09254479302300347
48277.0,850.2842675298543,0,0.06237874259170442
48279.0,845.3779118689105,0,0.05836943783328352
48281.0,854.2939464156407,0,0.04916152230639127
48287.0,854.2770229380185,0,0.06276157450721156
48289.0,846.1206942094989,0,0.04736270746832487
48291.0,880.4607099325631,0,0.0426870360995026
48293.0,855.9372001644545,0,0.0611970889674244
48295.0,863.7606107784433,1,0.09725734991842344
48297.0,847.8913727750032,0,0.05944615420212431
48299.0,848.8611807120325,0,0.045825083850004854
48303.0,847.8526311415599,0,0.05099153897732295
48309.0,855.1524299411166,0,0.03810141329301578
48311.0,870.2883333333334,1,0.3061565572644745
48319.0,862.4509394356504,1,0.09152183061849814
48321.0,848.2381460381143,0,0.054215617911579306
48329.0,860.7084712766995,0,0.045715030203591474
48331.0,846.4470359638657,0,0.042345574887039245
48333.0,863.3077793645126,0,0.06269928419470003
48337.0,849.3909077848612,0,0.059823884918738766
48339.0,881.9837111844844,0,0.030904873243736204
48341.0,848.1252849949648,0,0.062525191886741
48345.0,863.0640997229917,1,0.14155589736587407
48347.0,853.5951302693612,0,0.05194241978815728
48349.0,862.2380328019618,0,0.052653479449756624
48351.0,849.8839892990904,0,0.05762352644003543
48353.0,851.2373343052595,0,0.06166906008803835
48355.0,857.4498439966644,1,0.09893645897407798
48359.0,866.3405706521739,1,0.13418625103342877
48361.0,880.1291091412602,0,0.05345063927019621
48363.0,859.0607018469656,0,0.05320476659784355
48365.0,863.4615262869661,0,0.051386743429275364
48367.0,844.3921586160469,0,0.041221418252938784
48371.0,850.4157138535994,0,0.06171701765916574
48373.0,858.5324679169225,0,0.04568185957213699
48375.0,856.7309972626368,0,0.0508139991127823
48379.0,843.8711537167844,0,0.051108416726795836
48381.0,860.5305104540355,0,0.05850022233871164
48385.0,864.2081097356976,0,0.05780474233462734
48387.0,859.7399688819737,0,0.0601519703860898
48391.0,847.8979019908115,0,0.05838579884753783
48393.0,879.04,1,0.1680839002267574
48395.0,850.1303092783503,0,0.04495050620637671
48397.0,871.0503084891253,0,0.054935202132026476
48401.0,860.5928660175466,0,0.044287956186284005
48403.0,843.6952861721611,0,0.0525211883006189
48405.0,844.9713314263424,0,0.05378969124265601
48407.0,864.0135580658853,0,0.05146437691122997
48409.0,853.1531423988858,1,0.0924180042479997
48415.0,848.8821454837968,0,0.06303044745625024
48419.0,857.19308307519,0,0.05240953757798904
48421.0,858.2850592885376,1,0.13684489372372627
48423.0,861.6082773125094,0,0.04040448016753506
48425.0,848.7425309933988,0,0.061826466626612384
48429.0,851.3018840044328,0,0.06063945644629314
48431.0,858.7135483870966,1,0.1352538349159971
48433.0,871.7595840554593,1,0.1658066438783014
48439.0,870.5598420982687,1,0.09358925469381942
48441.0,862.2664870992963,0,0.05627946980888644
48443.0,863.9980729166667,1,0.13274985766782257
48445.0,846.437288037166,0,0.057312779132885655
48447.0,868.8133333333334,1,0.10576548306715432
48449.0,859.7917158810806,0,0.05471521522041807
48451.0,852.4434318821229,0,0.05269842505363899
48453.0,857.037404410415,0,0.05227920962252102
48455.0,859.9369548109438,0,0.05065669213255033
48457.0,855.7350644990281,0,0.04937929068805927
48459.0,866.3936061258674,0,0.05299909376702527
48463.0,853.612878981518,0,0.05526169859276445
48467.0,867.346920183603,0,0.04891311367838973
48469.0,861.2896975140432,0,0.04842431160245724
48471.0,865.7557345764121,1,0.09238465673246683
48473.0,880.7358917913068,0,0.047641536851992586
48475.0,849.3802182685254,0,0.062046088452660124
48477.0,862.3873385743308,0,0.052678513011408905
48479.0,838.5946626224918,0,0.05170840806900594
48481.0,858.1010788543002,0,0.053298008108879816
48483.0,858.012778372591,1,0.09865147361547505
48485.0,852.3324626851298,0,0.05600501814352953
48487.0,864.7388185755534,1,0.11254014834328387
48489.0,823.8218579554515,0,0.062286781703332704
48491.0,853.1233845857354,0,0.04150575244109779
48495.0,846.9064505119454,0,0.06074462750727882
48497.0,860.8919184178585,0,0.04905875792500826
48499.0,861.4668610855565,0,0.0567354937010792
48501.0,851.7676846548086,0,0.06145565008061521
48503.0,854.6600733675715,0,0.06338017392636981
49003.0,820.7019910568453,1,0.15047243903090127
49005.0,821.4953479858374,1,0.19151453496710308
49009.0,770.92,1,0.4755215105432755
49013.0,760.6970997935306,1,0.10683380922452988
49017.0,781.93,1,0.12079327098857175
49021.0,790.1936893635958,1,0.11501878778508211
49023.0,866.0,1,0.11365742180553959
49027.0,858.67,1,0.10385484810246436
49029.0,796.938458262351,1,0.15446493219160798
49033.0,769.6600225479143,1,0.1826267991955327
49039.0,785.4944367571403,1,0.11025042564941764
49041.0,781.93,1,0.11439400063800531
49043.0,813.2266781089094,1,0.10008337823699011
49045.0,816.9675805086454,1,0.09919205200722231
49047.0,751.88,1,0.17212465389036227
49051.0,811.2846959498003,1,0.12003315735421544
49053.0,810.5056808038628,1,0.09858243985941362
50009.0,842.0234208707672,1,0.0962200280207843
50019.0,846.2404335818834,1,0.09668376326041614
50025.0,808.7394391408114,0,0.06392090224819506
50027.0,817.3225964420382,0,0.0622660299259695
51001.0,819.2941714732036,0,0.06292478598918685
51003.0,792.3626862339139,0,0.06178231400760207
51009.0,803.0106612558197,0,0.062425784977043486
51013.0,843.6996493459303,0,0.04702009780283297
51021.0,827.5968118505416,0,0.06446185178791336
51023.0,837.8074649790552,0,0.06459052506306166
51025.0,820.9081196805028,0,0.059087821367038565
51027.0,833.924079830346,0,0.06034644218959357
51033.0,848.3101001162063,0,0.06181778066561001
51041.0,848.0760626011873,0,0.04306172295764715
51043.0,846.6238180515759,0,0.0645277916331151
51047.0,830.8618290619714,0,0.0528569115077462
51051.0,830.2858103199263,1,0.0962359311341445
51053.0,844.624449603115,0,0.05215191372006591
51057.0,829.3025950329447,0,0.05828709442817736
51059.0,844.0275699597612,0,0.044196574054671034
51061.0,836.770407329201,0,0.055977807034426195
51067.0,836.2403377587311,0,0.062303193394509564
51073.0,854.6221104201995,0,0.06308328373458191
51075.0,846.4864769484908,0,0.05056190475304041
51081.0,824.3111936646922,0,0.05261554777121817
51085.0,848.2401960683585,0,0.04945785619838165
51087.0,847.9835530870157,0,0.043401295748626285
51091.0,812.5761100917431,1,0.10025535714285715
51093.0,856.159324811875,0,0.06361190967735436
51095.0,855.911627510731,0,0.052805819886177836
51099.0,830.5482068791098,0,0.05210296780170626
51101.0,818.5939451476794,0,0.06174414415654633
51103.0,825.2971658356121,0,0.05758394885226713
51105.0,829.0345176300957,1,0.11427519302481655
51107.0,846.8849881125852,0,0.04067776656664147
51109.0,841.8018672679626,0,0.05445975110291736
51117.0,821.5652414425429,0,0.053265846677644134
51119.0,824.9011072218128,0,0.06260033950695348
51127.0,849.07986958494,0,0.06343153206458424
51131.0,827.7469524808876,0,0.06173301896712304
51133.0,835.5636883714245,0,0.05626452091515329
51137.0,817.6202222222223,0,0.059716173554599225
51141.0,820.4600085409253,0,0.06437290324833445
51143.0,813.2134815658612,0,0.05469580841905876
51145.0,844.9967868655822,0,0.05261646416965602
51147.0,811.4173721518988,0,0.06060690893399985
51149.0,844.1787389539048,0,0.0545177453877292
51153.0,845.0067154021613,0,0.03962053012340418
51155.0,831.3059527305453,0,0.05509258826346627
51157.0,823.1614895729891,0,0.0646501979740698
51159.0,828.755735219808,0,0.056907890618682316
51161.0,839.0119226028286,0,0.058961936724100834
51167.0,834.8755466012614,0,0.06043701800961335
51175.0,846.4512749398614,0,0.05668899732809617
51177.0,832.3903894424052,0,0.04502586331389449
51179.0,833.4382343667893,0,0.047917694627009316
51181.0,863.6543007425742,1,0.10104816123303917
51185.0,835.7200165949887,0,0.049065012629245966
51191.0,832.8457478892157,0,0.06250349527798563
51193.0,826.9010759205939,0,0.05942627398935013
51197.0,828.2938626034542,0,0.053142552862588836
51199.0,854.8586660924491,0,0.05286547790290482
51510.0,846.6532390283494,0,0.04663734773557188
51550.0,855.3471304299643,0,0.05355198800457569
51570.0,849.1763200118854,0,0.0565302694900362
51590.0,812.6713251017451,0,0.05779448697770076
51595.0,830.0921501554865,0,0.062478958266362974
51600.0,845.5831225086368,0,0.050342017329584154
51620.0,847.7202175883953,0,0.06190872301949536
51630.0,828.760214511041,0,0.05882245766112638
51640.0,810.1782532051284,1,0.09602937298612094
51680.0,798.1417627434802,0,0.060069624405959754
51683.0,845.1980465116279,0,0.04364151982079268
51685.0,839.3463347280335,0,0.06134305911755945
51700.0,854.8895497417744,0,0.05905630629682914
51760.0,850.2502192077374,0,0.047146806442800476
51770.0,837.2762550987671,0,0.05859044948739899
51775.0,837.9850223880597,0,0.05905919869239675
51800.0,853.9851444503452,0,0.043771010921176745
51810.0,854.4784290024068,0,0.05967712357684517
51830.0,860.35330638175,0,0.0627365696394696
53005.0,853.6207328891581,1,0.09145207959350361
53009.0,857.0635474398973,1,0.09256461973390673
53011.0,845.5762162541845,0,0.04691905797637212
53013.0,873.9700000000001,1,0.11893516838282032
53019.0,858.67,1,0.11177187137039957
53033.0,845.1375605922581,0,0.034633170464225205
53035.0,852.011221776273,0,0.04980582880081026
53039.0,861.1442201834864,1,0.10155191038122668
53043.0,858.67,1,0.10555771167947549
53051.0,854.4637993920971,1,0.09773940260806718
53053.0,847.1749972167603,0,0.03685211266108236
53061.0,847.8252046941046,0,0.03656523217985587
53063.0,832.9597019703854,0,0.060196903538752504
53065.0,827.2108156846299,1,0.09466192674433065
53067.0,838.719792400214,0,0.04696737121635947
53075.0,827.5091745112237,1,0.10098152093200052
53077.0,809.1661342502396,0,0.06097559908521434
54003.0,853.9939935828081,0,0.058367210010034025
54007.0,843.3281470430724,1,0.09440140071067733
54011.0,843.6932506282519,0,0.06352440154584305
54021.0,836.7408152734779,1,0.12246341908785852
54037.0,850.4809199808337,0,0.05857456373783636
54039.0,845.5946487210349,0,0.0641120353088776
54041.0,842.683544193097,1,0.0984079163875474
54045.0,833.7087669295388,0,0.06241129328408752
54051.0,839.6851569868855,0,0.061084716814059865
54053.0,841.9601391258694,0,0.059237475865433306
54061.0,837.8266645182082,1,0.1055153964517847
54065.0,852.6791192493946,0,0.062389789502843684
54069.0,839.1947487828814,0,0.059547793818455874
54073.0,838.7132506162695,1,0.09638723792323578
54075.0,826.3524884547069,1,0.10708960122899659
54079.0,846.0249722616437,0,0.06316007774366168
54081.0,841.8684174795814,0,0.06233847514227552
54093.0,833.7954729515976,1,0.09157694877370978
54103.0,834.229872715816,0,0.058128802736254225
54109.0,836.2794801302932,0,0.06431945573857135
55001.0,795.1043100527108,0,0.04917914923579875
55003.0,765.3646536162232,0,0.06318157690147731
55005.0,768.4788193989882,0,0.05822375441318021
55007.0,764.0690437912417,0,0.059151565995337746
55011.0,710.1008349598785,1,0.12054351044949667
55015.0,776.2408960240158,1,0.10480590142885003
55017.0,766.6505995887192,0,0.062136756452294876
55019.0,772.5684956829441,1,0.09526717162150815
55023.0,771.9521680325137,0,0.059377681280261864
55027.0,798.9518663128806,0,0.047470819093457406
55035.0,777.2710877573678,0,0.05939467068582268
55039.0,783.9155597588185,0,0.06258433182281482
55041.0,788.4344166169748,0,0.06313123373937475
55045.0,807.483730606488,0,0.05808918838101052
55051.0,760.0209167671894,1,0.1113850183388993
55053.0,759.2127624278112,0,0.05883552437937996
55055.0,803.6445424706352,0,0.05041403051254671
55057.0,764.8751712887438,0,0.05445755153074832
55059.0,837.6695485511597,0,0.040317353990608096
55061.0,790.3804419637771,1,0.09184033222347751
55067.0,775.943019269669,0,0.06297950336179615
55069.0,772.4099060208905,0,0.06389497332109204
55071.0,787.4340832398055,0,0.059699484023333055
55075.0,806.0523369812244,0,0.06239966082944626
55077.0,792.9193225322878,0,0.05263040354579143
55079.0,857.5627092745319,0,0.05888092638453337
55081.0,757.0386636351296,0,0.06262787429350919
55085.0,772.1363440371931,0,0.05847920895569471
55091.0,723.3693952330132,1,0.11138889280765504
55097.0,781.411378207592,0,0.04696784328893255
55101.0,855.5468065290254,0,0.05981143778455404
55105.0,827.7577155037744,0,0.05879940781798716
55113.0,772.6012010424422,0,0.055635676381619
55119.0,755.104157522208,1,0.09518081821550264
55121.0,759.9768539277585,0,0.06484805056874733
55123.0,762.1395134722374,1,0.09398400894926155
55125.0,780.0585753057578,0,0.05673650517363781
55127.0,812.400712789665,0,0.04530706649771306
55129.0,769.3399595512478,0,0.058269266065582755
55131.0,853.1407618330084,1,0.09746629841156969
55135.0,786.906126527433,0,0.06022279258575853
55137.0,786.7234094873533,0,0.048100786288200095
55139.0,787.034676723552,0,0.06020265863975607
55141.0,775.6260891776705,1,0.09151160198252858
56001.0,834.5493248312079,1,0.09294385592142378
56005.0,858.6700000000001,1,0.11031244396898526
56007.0,857.09,1,0.1002488819432049
56011.0,830.6686756756756,1,0.11678417222704733
56013.0,838.49912362596,1,0.091297400768044
56017.0,857.09,1,0.13449084186389043
56023.0,849.0599999999998,1,0.10593107757089001
56029.0,856.4691235392321,1,0.11097251734560619
56031.0,863.5147567567567,1,0.1522090410303695
56033.0,834.0929787844037,1,0.09538286621697256
56037.0,857.09,1,0.10058944147756181
56039.0,836.0732895646165,1,0.12339814528213781
56045.0,834.2269169960474,1,0.11397666951381372
60050.0,756.76,1,0.2564407451446691
72003.0,524.6925462027057,1,0.10814546305085869
72009.0,522.1702902040745,1,0.22823181985351298
72013.0,519.0041439396679,0,0.05903400671028304
72015.0,521.2553785735864,1,0.09953864750764158
72019.0,523.0961934304187,1,0.19284552872185146
72021.0,512.4788332766306,0,0.060755751460245616
72023.0,518.490853162019,0,0.0647020154353325
72025.0,514.953833911454,0,0.055838675805543234
72031.0,511.79366799175455,0,0.06062814404714181
72033.0,515.9430219067768,0,0.06282593647403188
72035.0,517.9925199342337,1,0.09229646606046753
72037.0,517.1278601626016,0,0.062192857942467705
72039.0,526.6707221225745,1,0.0928017509489642
72041.0,520.6902129731212,1,0.09520471493870944
72045.0,529.5506640044576,1,0.14532683682894643
72047.0,527.0720991449258,1,0.15116961125484035
72049.0,507.5786372239748,1,0.3905943934161948
72051.0,520.8745920297672,1,0.09204999257033045
72053.0,514.181218436756,0,0.05056133807930904
72059.0,517.9099211609191,0,0.057488770106204394
72061.0,511.4701891403678,0,0.0541538396240575
72065.0,521.2586986291875,0,0.0641885436062632
72067.0,519.1117611308385,0,0.05846470472478109
72077.0,521.1005750561129,1,0.09419021817118411
72083.0,526.9367437357631,1,0.09661460592362704
72085.0,518.4572235912809,1,0.10105365478423778
72089.0,515.3985810285461,0,0.0577088707170018
72093.0,521.6033923338413,1,0.0944428989949746
72097.0,519.7346206976257,0,0.05988476486100212
72099.0,527.1261429466416,1,0.12146558630587788
72101.0,527.5260096254445,1,0.10144696000900204
72105.0,526.2835461126097,1,0.11701771768281347
72107.0,524.6385585358591,1,0.16708393167884472
72109.0,521.4364383435866,1,0.10012971534557334
72113.0,515.5396223548807,0,0.05461058888902309
72117.0,522.1938206256691,1,0.09352398887783096
72119.0,516.9581428362892,0,0.06047985242220946
72125.0,520.5812083046767,0,0.06331115485120986
72127.0,512.0220394639637,0,0.05297481353185482
72129.0,521.1987989229132,1,0.10141863776365868
72139.0,513.7390600615648,0,0.05734099558739629
72149.0,523.5940055927872,1,0.11231435347082426
72151.0,519.246051601988,1,0.10086731946525114
78010.0,875.52,1,0.48654925327933185
78020.0,875.52,1,0.47424864597751476
